DateKey,Date,Annee,Mois,MoisNom,MoisFrancais,Trimestre,TrimestreAnnee,SortOrder,AnneeMonth,MoisComplet,JourSemaine,JourSemaineNom,JourSemaineFrancais,EstWeekend,EstDebutMois,EstFinMois,SortOrderJour,SortOrderJourSemaine,SortOrderJourSemaineFr
20240901,2024-09-01,2024,9,September,Septembre,T3,2024-T3,202409,2024-09,Sep 2024,7,Sunday,Dimanche,1,1,0,20240901,7,7
20240902,2024-09-02,2024,9,September,Septembre,T3,2024-T3,202409,2024-09,Sep 2024,1,Monday,Lundi,0,0,0,20240902,1,1
20240903,2024-09-03,2024,9,September,Septembre,T3,2024-T3,202409,2024-09,Sep 2024,2,Tuesday,Mardi,0,0,0,20240903,2,2
20240904,2024-09-04,2024,9,September,Septembre,T3,2024-T3,202409,2024-09,Sep 2024,3,Wednesday,Mercredi,0,0,0,20240904,3,3
20240905,2024-09-05,2024,9,September,Septembre,T3,2024-T3,202409,2024-09,Sep 2024,4,Thursday,Jeudi,0,0,0,20240905,4,4
20240906,2024-09-06,2024,9,September,Septembre,T3,2024-T3,202409,2024-09,Sep 2024,5,Friday,Vendredi,0,0,0,20240906,5,5
20240907,2024-09-07,2024,9,September,Septembre,T3,2024-T3,202409,2024-09,Sep 2024,6,Saturday,Samedi,1,0,0,20240907,6,6
20240908,2024-09-08,2024,9,September,Septembre,T3,2024-T3,202409,2024-09,Sep 2024,7,Sunday,Dimanche,1,0,0,20240908,7,7
20240909,2024-09-09,2024,9,September,Septembre,T3,2024-T3,202409,2024-09,Sep 2024,1,Monday,Lundi,0,0,0,20240909,1,1
20240910,2024-09-10,2024,9,September,Septembre,T3,2024-T3,202409,2024-09,Sep 2024,2,Tuesday,Mardi,0,0,0,20240910,2,2
20240911,2024-09-11,2024,9,September,Septembre,T3,2024-T3,202409,2024-09,Sep 2024,3,Wednesday,Mercredi,0,0,0,20240911,3,3
20240912,2024-09-12,2024,9,September,Septembre,T3,2024-T3,202409,2024-09,Sep 2024,4,Thursday,Jeudi,0,0,0,20240912,4,4
20240913,2024-09-13,2024,9,September,Septembre,T3,2024-T3,202409,2024-09,Sep 2024,5,Friday,Vendredi,0,0,0,20240913,5,5
20240914,2024-09-14,2024,9,September,Septembre,T3,2024-T3,202409,2024-09,Sep 2024,6,Saturday,Samedi,1,0,0,20240914,6,6
20240915,2024-09-15,2024,9,September,Septembre,T3,2024-T3,202409,2024-09,Sep 2024,7,Sunday,Dimanche,1,0,0,20240915,7,7
20240916,2024-09-16,2024,9,September,Septembre,T3,2024-T3,202409,2024-09,Sep 2024,1,Monday,Lundi,0,0,0,20240916,1,1
20240917,2024-09-17,2024,9,September,Septembre,T3,2024-T3,202409,2024-09,Sep 2024,2,Tuesday,Mardi,0,0,0,20240917,2,2
20240918,2024-09-18,2024,9,September,Septembre,T3,2024-T3,202409,2024-09,Sep 2024,3,Wednesday,Mercredi,0,0,0,20240918,3,3
20240919,2024-09-19,2024,9,September,Septembre,T3,2024-T3,202409,2024-09,Sep 2024,4,Thursday,Jeudi,0,0,0,20240919,4,4
20240920,2024-09-20,2024,9,September,Septembre,T3,2024-T3,202409,2024-09,Sep 2024,5,Friday,Vendredi,0,0,0,20240920,5,5
20240921,2024-09-21,2024,9,September,Septembre,T3,2024-T3,202409,2024-09,Sep 2024,6,Saturday,Samedi,1,0,0,20240921,6,6
20240922,2024-09-22,2024,9,September,Septembre,T3,2024-T3,202409,2024-09,Sep 2024,7,Sunday,Dimanche,1,0,0,20240922,7,7
20240923,2024-09-23,2024,9,September,Septembre,T3,2024-T3,202409,2024-09,Sep 2024,1,Monday,Lundi,0,0,0,20240923,1,1
20240924,2024-09-24,2024,9,September,Septembre,T3,2024-T3,202409,2024-09,Sep 2024,2,Tuesday,Mardi,0,0,0,20240924,2,2
20240925,2024-09-25,2024,9,September,Septembre,T3,2024-T3,202409,2024-09,Sep 2024,3,Wednesday,Mercredi,0,0,0,20240925,3,3
20240926,2024-09-26,2024,9,September,Septembre,T3,2024-T3,202409,2024-09,Sep 2024,4,Thursday,Jeudi,0,0,0,20240926,4,4
20240927,2024-09-27,2024,9,September,Septembre,T3,2024-T3,202409,2024-09,Sep 2024,5,Friday,Vendredi,0,0,0,20240927,5,5
20240928,2024-09-28,2024,9,September,Septembre,T3,2024-T3,202409,2024-09,Sep 2024,6,Saturday,Samedi,1,0,0,20240928,6,6
20240929,2024-09-29,2024,9,September,Septembre,T3,2024-T3,202409,2024-09,Sep 2024,7,Sunday,Dimanche,1,0,0,20240929,7,7
20240930,2024-09-30,2024,9,September,Septembre,T3,2024-T3,202409,2024-09,Sep 2024,1,Monday,Lundi,0,0,1,20240930,1,1
20241001,2024-10-01,2024,10,October,Octobre,T4,2024-T4,202410,2024-10,Oct 2024,2,Tuesday,Mardi,0,1,0,20241001,2,2
20241002,2024-10-02,2024,10,October,Octobre,T4,2024-T4,202410,2024-10,Oct 2024,3,Wednesday,Mercredi,0,0,0,20241002,3,3
20241003,2024-10-03,2024,10,October,Octobre,T4,2024-T4,202410,2024-10,Oct 2024,4,Thursday,Jeudi,0,0,0,20241003,4,4
20241004,2024-10-04,2024,10,October,Octobre,T4,2024-T4,202410,2024-10,Oct 2024,5,Friday,Vendredi,0,0,0,20241004,5,5
20241005,2024-10-05,2024,10,October,Octobre,T4,2024-T4,202410,2024-10,Oct 2024,6,Saturday,Samedi,1,0,0,20241005,6,6
20241006,2024-10-06,2024,10,October,Octobre,T4,2024-T4,202410,2024-10,Oct 2024,7,Sunday,Dimanche,1,0,0,20241006,7,7
20241007,2024-10-07,2024,10,October,Octobre,T4,2024-T4,202410,2024-10,Oct 2024,1,Monday,Lundi,0,0,0,20241007,1,1
20241008,2024-10-08,2024,10,October,Octobre,T4,2024-T4,202410,2024-10,Oct 2024,2,Tuesday,Mardi,0,0,0,20241008,2,2
20241009,2024-10-09,2024,10,October,Octobre,T4,2024-T4,202410,2024-10,Oct 2024,3,Wednesday,Mercredi,0,0,0,20241009,3,3
20241010,2024-10-10,2024,10,October,Octobre,T4,2024-T4,202410,2024-10,Oct 2024,4,Thursday,Jeudi,0,0,0,20241010,4,4
20241011,2024-10-11,2024,10,October,Octobre,T4,2024-T4,202410,2024-10,Oct 2024,5,Friday,Vendredi,0,0,0,20241011,5,5
20241012,2024-10-12,2024,10,October,Octobre,T4,2024-T4,202410,2024-10,Oct 2024,6,Saturday,Samedi,1,0,0,20241012,6,6
20241013,2024-10-13,2024,10,October,Octobre,T4,2024-T4,202410,2024-10,Oct 2024,7,Sunday,Dimanche,1,0,0,20241013,7,7
20241014,2024-10-14,2024,10,October,Octobre,T4,2024-T4,202410,2024-10,Oct 2024,1,Monday,Lundi,0,0,0,20241014,1,1
20241015,2024-10-15,2024,10,October,Octobre,T4,2024-T4,202410,2024-10,Oct 2024,2,Tuesday,Mardi,0,0,0,20241015,2,2
20241016,2024-10-16,2024,10,October,Octobre,T4,2024-T4,202410,2024-10,Oct 2024,3,Wednesday,Mercredi,0,0,0,20241016,3,3
20241017,2024-10-17,2024,10,October,Octobre,T4,2024-T4,202410,2024-10,Oct 2024,4,Thursday,Jeudi,0,0,0,20241017,4,4
20241018,2024-10-18,2024,10,October,Octobre,T4,2024-T4,202410,2024-10,Oct 2024,5,Friday,Vendredi,0,0,0,20241018,5,5
20241019,2024-10-19,2024,10,October,Octobre,T4,2024-T4,202410,2024-10,Oct 2024,6,Saturday,Samedi,1,0,0,20241019,6,6
20241020,2024-10-20,2024,10,October,Octobre,T4,2024-T4,202410,2024-10,Oct 2024,7,Sunday,Dimanche,1,0,0,20241020,7,7
20241021,2024-10-21,2024,10,October,Octobre,T4,2024-T4,202410,2024-10,Oct 2024,1,Monday,Lundi,0,0,0,20241021,1,1
20241022,2024-10-22,2024,10,October,Octobre,T4,2024-T4,202410,2024-10,Oct 2024,2,Tuesday,Mardi,0,0,0,20241022,2,2
20241023,2024-10-23,2024,10,October,Octobre,T4,2024-T4,202410,2024-10,Oct 2024,3,Wednesday,Mercredi,0,0,0,20241023,3,3
20241024,2024-10-24,2024,10,October,Octobre,T4,2024-T4,202410,2024-10,Oct 2024,4,Thursday,Jeudi,0,0,0,20241024,4,4
20241025,2024-10-25,2024,10,October,Octobre,T4,2024-T4,202410,2024-10,Oct 2024,5,Friday,Vendredi,0,0,0,20241025,5,5
20241026,2024-10-26,2024,10,October,Octobre,T4,2024-T4,202410,2024-10,Oct 2024,6,Saturday,Samedi,1,0,0,20241026,6,6
20241027,2024-10-27,2024,10,October,Octobre,T4,2024-T4,202410,2024-10,Oct 2024,7,Sunday,Dimanche,1,0,0,20241027,7,7
20241028,2024-10-28,2024,10,October,Octobre,T4,2024-T4,202410,2024-10,Oct 2024,1,Monday,Lundi,0,0,0,20241028,1,1
20241029,2024-10-29,2024,10,October,Octobre,T4,2024-T4,202410,2024-10,Oct 2024,2,Tuesday,Mardi,0,0,0,20241029,2,2
20241030,2024-10-30,2024,10,October,Octobre,T4,2024-T4,202410,2024-10,Oct 2024,3,Wednesday,Mercredi,0,0,0,20241030,3,3
20241031,2024-10-31,2024,10,October,Octobre,T4,2024-T4,202410,2024-10,Oct 2024,4,Thursday,Jeudi,0,0,1,20241031,4,4
20241101,2024-11-01,2024,11,November,Novembre,T4,2024-T4,202411,2024-11,Nov 2024,5,Friday,Vendredi,0,1,0,20241101,5,5
20241102,2024-11-02,2024,11,November,Novembre,T4,2024-T4,202411,2024-11,Nov 2024,6,Saturday,Samedi,1,0,0,20241102,6,6
20241103,2024-11-03,2024,11,November,Novembre,T4,2024-T4,202411,2024-11,Nov 2024,7,Sunday,Dimanche,1,0,0,20241103,7,7
20241104,2024-11-04,2024,11,November,Novembre,T4,2024-T4,202411,2024-11,Nov 2024,1,Monday,Lundi,0,0,0,20241104,1,1
20241105,2024-11-05,2024,11,November,Novembre,T4,2024-T4,202411,2024-11,Nov 2024,2,Tuesday,Mardi,0,0,0,20241105,2,2
20241106,2024-11-06,2024,11,November,Novembre,T4,2024-T4,202411,2024-11,Nov 2024,3,Wednesday,Mercredi,0,0,0,20241106,3,3
20241107,2024-11-07,2024,11,November,Novembre,T4,2024-T4,202411,2024-11,Nov 2024,4,Thursday,Jeudi,0,0,0,20241107,4,4
20241108,2024-11-08,2024,11,November,Novembre,T4,2024-T4,202411,2024-11,Nov 2024,5,Friday,Vendredi,0,0,0,20241108,5,5
20241109,2024-11-09,2024,11,November,Novembre,T4,2024-T4,202411,2024-11,Nov 2024,6,Saturday,Samedi,1,0,0,20241109,6,6
20241110,2024-11-10,2024,11,November,Novembre,T4,2024-T4,202411,2024-11,Nov 2024,7,Sunday,Dimanche,1,0,0,20241110,7,7
20241111,2024-11-11,2024,11,November,Novembre,T4,2024-T4,202411,2024-11,Nov 2024,1,Monday,Lundi,0,0,0,20241111,1,1
20241112,2024-11-12,2024,11,November,Novembre,T4,2024-T4,202411,2024-11,Nov 2024,2,Tuesday,Mardi,0,0,0,20241112,2,2
20241113,2024-11-13,2024,11,November,Novembre,T4,2024-T4,202411,2024-11,Nov 2024,3,Wednesday,Mercredi,0,0,0,20241113,3,3
20241114,2024-11-14,2024,11,November,Novembre,T4,2024-T4,202411,2024-11,Nov 2024,4,Thursday,Jeudi,0,0,0,20241114,4,4
20241115,2024-11-15,2024,11,November,Novembre,T4,2024-T4,202411,2024-11,Nov 2024,5,Friday,Vendredi,0,0,0,20241115,5,5
20241116,2024-11-16,2024,11,November,Novembre,T4,2024-T4,202411,2024-11,Nov 2024,6,Saturday,Samedi,1,0,0,20241116,6,6
20241117,2024-11-17,2024,11,November,Novembre,T4,2024-T4,202411,2024-11,Nov 2024,7,Sunday,Dimanche,1,0,0,20241117,7,7
20241118,2024-11-18,2024,11,November,Novembre,T4,2024-T4,202411,2024-11,Nov 2024,1,Monday,Lundi,0,0,0,20241118,1,1
20241119,2024-11-19,2024,11,November,Novembre,T4,2024-T4,202411,2024-11,Nov 2024,2,Tuesday,Mardi,0,0,0,20241119,2,2
20241120,2024-11-20,2024,11,November,Novembre,T4,2024-T4,202411,2024-11,Nov 2024,3,Wednesday,Mercredi,0,0,0,20241120,3,3
20241121,2024-11-21,2024,11,November,Novembre,T4,2024-T4,202411,2024-11,Nov 2024,4,Thursday,Jeudi,0,0,0,20241121,4,4
20241122,2024-11-22,2024,11,November,Novembre,T4,2024-T4,202411,2024-11,Nov 2024,5,Friday,Vendredi,0,0,0,20241122,5,5
20241123,2024-11-23,2024,11,November,Novembre,T4,2024-T4,202411,2024-11,Nov 2024,6,Saturday,Samedi,1,0,0,20241123,6,6
20241124,2024-11-24,2024,11,November,Novembre,T4,2024-T4,202411,2024-11,Nov 2024,7,Sunday,Dimanche,1,0,0,20241124,7,7
20241125,2024-11-25,2024,11,November,Novembre,T4,2024-T4,202411,2024-11,Nov 2024,1,Monday,Lundi,0,0,0,20241125,1,1
20241126,2024-11-26,2024,11,November,Novembre,T4,2024-T4,202411,2024-11,Nov 2024,2,Tuesday,Mardi,0,0,0,20241126,2,2
20241127,2024-11-27,2024,11,November,Novembre,T4,2024-T4,202411,2024-11,Nov 2024,3,Wednesday,Mercredi,0,0,0,20241127,3,3
20241128,2024-11-28,2024,11,November,Novembre,T4,2024-T4,202411,2024-11,Nov 2024,4,Thursday,Jeudi,0,0,0,20241128,4,4
20241129,2024-11-29,2024,11,November,Novembre,T4,2024-T4,202411,2024-11,Nov 2024,5,Friday,Vendredi,0,0,0,20241129,5,5
20241130,2024-11-30,2024,11,November,Novembre,T4,2024-T4,202411,2024-11,Nov 2024,6,Saturday,Samedi,1,0,1,20241130,6,6
20241201,2024-12-01,2024,12,December,Décembre,T4,2024-T4,202412,2024-12,Dec 2024,7,Sunday,Dimanche,1,1,0,20241201,7,7
20241202,2024-12-02,2024,12,December,Décembre,T4,2024-T4,202412,2024-12,Dec 2024,1,Monday,Lundi,0,0,0,20241202,1,1
20241203,2024-12-03,2024,12,December,Décembre,T4,2024-T4,202412,2024-12,Dec 2024,2,Tuesday,Mardi,0,0,0,20241203,2,2
20241204,2024-12-04,2024,12,December,Décembre,T4,2024-T4,202412,2024-12,Dec 2024,3,Wednesday,Mercredi,0,0,0,20241204,3,3
20241205,2024-12-05,2024,12,December,Décembre,T4,2024-T4,202412,2024-12,Dec 2024,4,Thursday,Jeudi,0,0,0,20241205,4,4
20241206,2024-12-06,2024,12,December,Décembre,T4,2024-T4,202412,2024-12,Dec 2024,5,Friday,Vendredi,0,0,0,20241206,5,5
20241207,2024-12-07,2024,12,December,Décembre,T4,2024-T4,202412,2024-12,Dec 2024,6,Saturday,Samedi,1,0,0,20241207,6,6
20241208,2024-12-08,2024,12,December,Décembre,T4,2024-T4,202412,2024-12,Dec 2024,7,Sunday,Dimanche,1,0,0,20241208,7,7
20241209,2024-12-09,2024,12,December,Décembre,T4,2024-T4,202412,2024-12,Dec 2024,1,Monday,Lundi,0,0,0,20241209,1,1
20241210,2024-12-10,2024,12,December,Décembre,T4,2024-T4,202412,2024-12,Dec 2024,2,Tuesday,Mardi,0,0,0,20241210,2,2
20241211,2024-12-11,2024,12,December,Décembre,T4,2024-T4,202412,2024-12,Dec 2024,3,Wednesday,Mercredi,0,0,0,20241211,3,3
20241212,2024-12-12,2024,12,December,Décembre,T4,2024-T4,202412,2024-12,Dec 2024,4,Thursday,Jeudi,0,0,0,20241212,4,4
20241213,2024-12-13,2024,12,December,Décembre,T4,2024-T4,202412,2024-12,Dec 2024,5,Friday,Vendredi,0,0,0,20241213,5,5
20241214,2024-12-14,2024,12,December,Décembre,T4,2024-T4,202412,2024-12,Dec 2024,6,Saturday,Samedi,1,0,0,20241214,6,6
20241215,2024-12-15,2024,12,December,Décembre,T4,2024-T4,202412,2024-12,Dec 2024,7,Sunday,Dimanche,1,0,0,20241215,7,7
20241216,2024-12-16,2024,12,December,Décembre,T4,2024-T4,202412,2024-12,Dec 2024,1,Monday,Lundi,0,0,0,20241216,1,1
20241217,2024-12-17,2024,12,December,Décembre,T4,2024-T4,202412,2024-12,Dec 2024,2,Tuesday,Mardi,0,0,0,20241217,2,2
20241218,2024-12-18,2024,12,December,Décembre,T4,2024-T4,202412,2024-12,Dec 2024,3,Wednesday,Mercredi,0,0,0,20241218,3,3
20241219,2024-12-19,2024,12,December,Décembre,T4,2024-T4,202412,2024-12,Dec 2024,4,Thursday,Jeudi,0,0,0,20241219,4,4
20241220,2024-12-20,2024,12,December,Décembre,T4,2024-T4,202412,2024-12,Dec 2024,5,Friday,Vendredi,0,0,0,20241220,5,5
20241221,2024-12-21,2024,12,December,Décembre,T4,2024-T4,202412,2024-12,Dec 2024,6,Saturday,Samedi,1,0,0,20241221,6,6
20241222,2024-12-22,2024,12,December,Décembre,T4,2024-T4,202412,2024-12,Dec 2024,7,Sunday,Dimanche,1,0,0,20241222,7,7
20241223,2024-12-23,2024,12,December,Décembre,T4,2024-T4,202412,2024-12,Dec 2024,1,Monday,Lundi,0,0,0,20241223,1,1
20241224,2024-12-24,2024,12,December,Décembre,T4,2024-T4,202412,2024-12,Dec 2024,2,Tuesday,Mardi,0,0,0,20241224,2,2
20241225,2024-12-25,2024,12,December,Décembre,T4,2024-T4,202412,2024-12,Dec 2024,3,Wednesday,Mercredi,0,0,0,20241225,3,3
20241226,2024-12-26,2024,12,December,Décembre,T4,2024-T4,202412,2024-12,Dec 2024,4,Thursday,Jeudi,0,0,0,20241226,4,4
20241227,2024-12-27,2024,12,December,Décembre,T4,2024-T4,202412,2024-12,Dec 2024,5,Friday,Vendredi,0,0,0,20241227,5,5
20241228,2024-12-28,2024,12,December,Décembre,T4,2024-T4,202412,2024-12,Dec 2024,6,Saturday,Samedi,1,0,0,20241228,6,6
20241229,2024-12-29,2024,12,December,Décembre,T4,2024-T4,202412,2024-12,Dec 2024,7,Sunday,Dimanche,1,0,0,20241229,7,7
20241230,2024-12-30,2024,12,December,Décembre,T4,2024-T4,202412,2024-12,Dec 2024,1,Monday,Lundi,0,0,0,20241230,1,1
20241231,2024-12-31,2024,12,December,Décembre,T4,2024-T4,202412,2024-12,Dec 2024,2,Tuesday,Mardi,0,0,1,20241231,2,2
20250101,2025-01-01,2025,1,January,Janvier,T1,2025-T1,202501,2025-01,Jan 2025,3,Wednesday,Mercredi,0,1,0,20250101,3,3
20250102,2025-01-02,2025,1,January,Janvier,T1,2025-T1,202501,2025-01,Jan 2025,4,Thursday,Jeudi,0,0,0,20250102,4,4
20250103,2025-01-03,2025,1,January,Janvier,T1,2025-T1,202501,2025-01,Jan 2025,5,Friday,Vendredi,0,0,0,20250103,5,5
20250104,2025-01-04,2025,1,January,Janvier,T1,2025-T1,202501,2025-01,Jan 2025,6,Saturday,Samedi,1,0,0,20250104,6,6
20250105,2025-01-05,2025,1,January,Janvier,T1,2025-T1,202501,2025-01,Jan 2025,7,Sunday,Dimanche,1,0,0,20250105,7,7
20250106,2025-01-06,2025,1,January,Janvier,T1,2025-T1,202501,2025-01,Jan 2025,1,Monday,Lundi,0,0,0,20250106,1,1
20250107,2025-01-07,2025,1,January,Janvier,T1,2025-T1,202501,2025-01,Jan 2025,2,Tuesday,Mardi,0,0,0,20250107,2,2
20250108,2025-01-08,2025,1,January,Janvier,T1,2025-T1,202501,2025-01,Jan 2025,3,Wednesday,Mercredi,0,0,0,20250108,3,3
20250109,2025-01-09,2025,1,January,Janvier,T1,2025-T1,202501,2025-01,Jan 2025,4,Thursday,Jeudi,0,0,0,20250109,4,4
20250110,2025-01-10,2025,1,January,Janvier,T1,2025-T1,202501,2025-01,Jan 2025,5,Friday,Vendredi,0,0,0,20250110,5,5
20250111,2025-01-11,2025,1,January,Janvier,T1,2025-T1,202501,2025-01,Jan 2025,6,Saturday,Samedi,1,0,0,20250111,6,6
20250112,2025-01-12,2025,1,January,Janvier,T1,2025-T1,202501,2025-01,Jan 2025,7,Sunday,Dimanche,1,0,0,20250112,7,7
20250113,2025-01-13,2025,1,January,Janvier,T1,2025-T1,202501,2025-01,Jan 2025,1,Monday,Lundi,0,0,0,20250113,1,1
20250114,2025-01-14,2025,1,January,Janvier,T1,2025-T1,202501,2025-01,Jan 2025,2,Tuesday,Mardi,0,0,0,20250114,2,2
20250115,2025-01-15,2025,1,January,Janvier,T1,2025-T1,202501,2025-01,Jan 2025,3,Wednesday,Mercredi,0,0,0,20250115,3,3
20250116,2025-01-16,2025,1,January,Janvier,T1,2025-T1,202501,2025-01,Jan 2025,4,Thursday,Jeudi,0,0,0,20250116,4,4
20250117,2025-01-17,2025,1,January,Janvier,T1,2025-T1,202501,2025-01,Jan 2025,5,Friday,Vendredi,0,0,0,20250117,5,5
20250118,2025-01-18,2025,1,January,Janvier,T1,2025-T1,202501,2025-01,Jan 2025,6,Saturday,Samedi,1,0,0,20250118,6,6
20250119,2025-01-19,2025,1,January,Janvier,T1,2025-T1,202501,2025-01,Jan 2025,7,Sunday,Dimanche,1,0,0,20250119,7,7
20250120,2025-01-20,2025,1,January,Janvier,T1,2025-T1,202501,2025-01,Jan 2025,1,Monday,Lundi,0,0,0,20250120,1,1
20250121,2025-01-21,2025,1,January,Janvier,T1,2025-T1,202501,2025-01,Jan 2025,2,Tuesday,Mardi,0,0,0,20250121,2,2
20250122,2025-01-22,2025,1,January,Janvier,T1,2025-T1,202501,2025-01,Jan 2025,3,Wednesday,Mercredi,0,0,0,20250122,3,3
20250123,2025-01-23,2025,1,January,Janvier,T1,2025-T1,202501,2025-01,Jan 2025,4,Thursday,Jeudi,0,0,0,20250123,4,4
20250124,2025-01-24,2025,1,January,Janvier,T1,2025-T1,202501,2025-01,Jan 2025,5,Friday,Vendredi,0,0,0,20250124,5,5
20250125,2025-01-25,2025,1,January,Janvier,T1,2025-T1,202501,2025-01,Jan 2025,6,Saturday,Samedi,1,0,0,20250125,6,6
20250126,2025-01-26,2025,1,January,Janvier,T1,2025-T1,202501,2025-01,Jan 2025,7,Sunday,Dimanche,1,0,0,20250126,7,7
20250127,2025-01-27,2025,1,January,Janvier,T1,2025-T1,202501,2025-01,Jan 2025,1,Monday,Lundi,0,0,0,20250127,1,1
20250128,2025-01-28,2025,1,January,Janvier,T1,2025-T1,202501,2025-01,Jan 2025,2,Tuesday,Mardi,0,0,0,20250128,2,2
20250129,2025-01-29,2025,1,January,Janvier,T1,2025-T1,202501,2025-01,Jan 2025,3,Wednesday,Mercredi,0,0,0,20250129,3,3
20250130,2025-01-30,2025,1,January,Janvier,T1,2025-T1,202501,2025-01,Jan 2025,4,Thursday,Jeudi,0,0,0,20250130,4,4
20250131,2025-01-31,2025,1,January,Janvier,T1,2025-T1,202501,2025-01,Jan 2025,5,Friday,Vendredi,0,0,1,20250131,5,5
20250201,2025-02-01,2025,2,February,Février,T1,2025-T1,202502,2025-02,Feb 2025,6,Saturday,Samedi,1,1,0,20250201,6,6
20250202,2025-02-02,2025,2,February,Février,T1,2025-T1,202502,2025-02,Feb 2025,7,Sunday,Dimanche,1,0,0,20250202,7,7
20250203,2025-02-03,2025,2,February,Février,T1,2025-T1,202502,2025-02,Feb 2025,1,Monday,Lundi,0,0,0,20250203,1,1
20250204,2025-02-04,2025,2,February,Février,T1,2025-T1,202502,2025-02,Feb 2025,2,Tuesday,Mardi,0,0,0,20250204,2,2
20250205,2025-02-05,2025,2,February,Février,T1,2025-T1,202502,2025-02,Feb 2025,3,Wednesday,Mercredi,0,0,0,20250205,3,3
20250206,2025-02-06,2025,2,February,Février,T1,2025-T1,202502,2025-02,Feb 2025,4,Thursday,Jeudi,0,0,0,20250206,4,4
20250207,2025-02-07,2025,2,February,Février,T1,2025-T1,202502,2025-02,Feb 2025,5,Friday,Vendredi,0,0,0,20250207,5,5
20250208,2025-02-08,2025,2,February,Février,T1,2025-T1,202502,2025-02,Feb 2025,6,Saturday,Samedi,1,0,0,20250208,6,6
20250209,2025-02-09,2025,2,February,Février,T1,2025-T1,202502,2025-02,Feb 2025,7,Sunday,Dimanche,1,0,0,20250209,7,7
20250210,2025-02-10,2025,2,February,Février,T1,2025-T1,202502,2025-02,Feb 2025,1,Monday,Lundi,0,0,0,20250210,1,1
20250211,2025-02-11,2025,2,February,Février,T1,2025-T1,202502,2025-02,Feb 2025,2,Tuesday,Mardi,0,0,0,20250211,2,2
20250212,2025-02-12,2025,2,February,Février,T1,2025-T1,202502,2025-02,Feb 2025,3,Wednesday,Mercredi,0,0,0,20250212,3,3
20250213,2025-02-13,2025,2,February,Février,T1,2025-T1,202502,2025-02,Feb 2025,4,Thursday,Jeudi,0,0,0,20250213,4,4
20250214,2025-02-14,2025,2,February,Février,T1,2025-T1,202502,2025-02,Feb 2025,5,Friday,Vendredi,0,0,0,20250214,5,5
20250215,2025-02-15,2025,2,February,Février,T1,2025-T1,202502,2025-02,Feb 2025,6,Saturday,Samedi,1,0,0,20250215,6,6
20250216,2025-02-16,2025,2,February,Février,T1,2025-T1,202502,2025-02,Feb 2025,7,Sunday,Dimanche,1,0,0,20250216,7,7
20250217,2025-02-17,2025,2,February,Février,T1,2025-T1,202502,2025-02,Feb 2025,1,Monday,Lundi,0,0,0,20250217,1,1
20250218,2025-02-18,2025,2,February,Février,T1,2025-T1,202502,2025-02,Feb 2025,2,Tuesday,Mardi,0,0,0,20250218,2,2
20250219,2025-02-19,2025,2,February,Février,T1,2025-T1,202502,2025-02,Feb 2025,3,Wednesday,Mercredi,0,0,0,20250219,3,3
20250220,2025-02-20,2025,2,February,Février,T1,2025-T1,202502,2025-02,Feb 2025,4,Thursday,Jeudi,0,0,0,20250220,4,4
20250221,2025-02-21,2025,2,February,Février,T1,2025-T1,202502,2025-02,Feb 2025,5,Friday,Vendredi,0,0,0,20250221,5,5
20250222,2025-02-22,2025,2,February,Février,T1,2025-T1,202502,2025-02,Feb 2025,6,Saturday,Samedi,1,0,0,20250222,6,6
20250223,2025-02-23,2025,2,February,Février,T1,2025-T1,202502,2025-02,Feb 2025,7,Sunday,Dimanche,1,0,0,20250223,7,7
20250224,2025-02-24,2025,2,February,Février,T1,2025-T1,202502,2025-02,Feb 2025,1,Monday,Lundi,0,0,0,20250224,1,1
20250225,2025-02-25,2025,2,February,Février,T1,2025-T1,202502,2025-02,Feb 2025,2,Tuesday,Mardi,0,0,0,20250225,2,2
20250226,2025-02-26,2025,2,February,Février,T1,2025-T1,202502,2025-02,Feb 2025,3,Wednesday,Mercredi,0,0,0,20250226,3,3
20250227,2025-02-27,2025,2,February,Février,T1,2025-T1,202502,2025-02,Feb 2025,4,Thursday,Jeudi,0,0,0,20250227,4,4
20250228,2025-02-28,2025,2,February,Février,T1,2025-T1,202502,2025-02,Feb 2025,5,Friday,Vendredi,0,0,1,20250228,5,5
20250301,2025-03-01,2025,3,March,Mars,T1,2025-T1,202503,2025-03,Mar 2025,6,Saturday,Samedi,1,1,0,20250301,6,6
20250302,2025-03-02,2025,3,March,Mars,T1,2025-T1,202503,2025-03,Mar 2025,7,Sunday,Dimanche,1,0,0,20250302,7,7
20250303,2025-03-03,2025,3,March,Mars,T1,2025-T1,202503,2025-03,Mar 2025,1,Monday,Lundi,0,0,0,20250303,1,1
20250304,2025-03-04,2025,3,March,Mars,T1,2025-T1,202503,2025-03,Mar 2025,2,Tuesday,Mardi,0,0,0,20250304,2,2
20250305,2025-03-05,2025,3,March,Mars,T1,2025-T1,202503,2025-03,Mar 2025,3,Wednesday,Mercredi,0,0,0,20250305,3,3
20250306,2025-03-06,2025,3,March,Mars,T1,2025-T1,202503,2025-03,Mar 2025,4,Thursday,Jeudi,0,0,0,20250306,4,4
20250307,2025-03-07,2025,3,March,Mars,T1,2025-T1,202503,2025-03,Mar 2025,5,Friday,Vendredi,0,0,0,20250307,5,5
20250308,2025-03-08,2025,3,March,Mars,T1,2025-T1,202503,2025-03,Mar 2025,6,Saturday,Samedi,1,0,0,20250308,6,6
20250309,2025-03-09,2025,3,March,Mars,T1,2025-T1,202503,2025-03,Mar 2025,7,Sunday,Dimanche,1,0,0,20250309,7,7
20250310,2025-03-10,2025,3,March,Mars,T1,2025-T1,202503,2025-03,Mar 2025,1,Monday,Lundi,0,0,0,20250310,1,1
20250311,2025-03-11,2025,3,March,Mars,T1,2025-T1,202503,2025-03,Mar 2025,2,Tuesday,Mardi,0,0,0,20250311,2,2
20250312,2025-03-12,2025,3,March,Mars,T1,2025-T1,202503,2025-03,Mar 2025,3,Wednesday,Mercredi,0,0,0,20250312,3,3
20250313,2025-03-13,2025,3,March,Mars,T1,2025-T1,202503,2025-03,Mar 2025,4,Thursday,Jeudi,0,0,0,20250313,4,4
20250314,2025-03-14,2025,3,March,Mars,T1,2025-T1,202503,2025-03,Mar 2025,5,Friday,Vendredi,0,0,0,20250314,5,5
20250315,2025-03-15,2025,3,March,Mars,T1,2025-T1,202503,2025-03,Mar 2025,6,Saturday,Samedi,1,0,0,20250315,6,6
20250316,2025-03-16,2025,3,March,Mars,T1,2025-T1,202503,2025-03,Mar 2025,7,Sunday,Dimanche,1,0,0,20250316,7,7
20250317,2025-03-17,2025,3,March,Mars,T1,2025-T1,202503,2025-03,Mar 2025,1,Monday,Lundi,0,0,0,20250317,1,1
20250318,2025-03-18,2025,3,March,Mars,T1,2025-T1,202503,2025-03,Mar 2025,2,Tuesday,Mardi,0,0,0,20250318,2,2
20250319,2025-03-19,2025,3,March,Mars,T1,2025-T1,202503,2025-03,Mar 2025,3,Wednesday,Mercredi,0,0,0,20250319,3,3
20250320,2025-03-20,2025,3,March,Mars,T1,2025-T1,202503,2025-03,Mar 2025,4,Thursday,Jeudi,0,0,0,20250320,4,4
20250321,2025-03-21,2025,3,March,Mars,T1,2025-T1,202503,2025-03,Mar 2025,5,Friday,Vendredi,0,0,0,20250321,5,5
20250322,2025-03-22,2025,3,March,Mars,T1,2025-T1,202503,2025-03,Mar 2025,6,Saturday,Samedi,1,0,0,20250322,6,6
20250323,2025-03-23,2025,3,March,Mars,T1,2025-T1,202503,2025-03,Mar 2025,7,Sunday,Dimanche,1,0,0,20250323,7,7
20250324,2025-03-24,2025,3,March,Mars,T1,2025-T1,202503,2025-03,Mar 2025,1,Monday,Lundi,0,0,0,20250324,1,1
20250325,2025-03-25,2025,3,March,Mars,T1,2025-T1,202503,2025-03,Mar 2025,2,Tuesday,Mardi,0,0,0,20250325,2,2
20250326,2025-03-26,2025,3,March,Mars,T1,2025-T1,202503,2025-03,Mar 2025,3,Wednesday,Mercredi,0,0,0,20250326,3,3
20250327,2025-03-27,2025,3,March,Mars,T1,2025-T1,202503,2025-03,Mar 2025,4,Thursday,Jeudi,0,0,0,20250327,4,4
20250328,2025-03-28,2025,3,March,Mars,T1,2025-T1,202503,2025-03,Mar 2025,5,Friday,Vendredi,0,0,0,20250328,5,5
20250329,2025-03-29,2025,3,March,Mars,T1,2025-T1,202503,2025-03,Mar 2025,6,Saturday,Samedi,1,0,0,20250329,6,6
20250330,2025-03-30,2025,3,March,Mars,T1,2025-T1,202503,2025-03,Mar 2025,7,Sunday,Dimanche,1,0,0,20250330,7,7
20250331,2025-03-31,2025,3,March,Mars,T1,2025-T1,202503,2025-03,Mar 2025,1,Monday,Lundi,0,0,1,20250331,1,1
20250401,2025-04-01,2025,4,April,Avril,T2,2025-T2,202504,2025-04,Apr 2025,2,Tuesday,Mardi,0,1,0,20250401,2,2
20250402,2025-04-02,2025,4,April,Avril,T2,2025-T2,202504,2025-04,Apr 2025,3,Wednesday,Mercredi,0,0,0,20250402,3,3
20250403,2025-04-03,2025,4,April,Avril,T2,2025-T2,202504,2025-04,Apr 2025,4,Thursday,Jeudi,0,0,0,20250403,4,4
20250404,2025-04-04,2025,4,April,Avril,T2,2025-T2,202504,2025-04,Apr 2025,5,Friday,Vendredi,0,0,0,20250404,5,5
20250405,2025-04-05,2025,4,April,Avril,T2,2025-T2,202504,2025-04,Apr 2025,6,Saturday,Samedi,1,0,0,20250405,6,6
20250406,2025-04-06,2025,4,April,Avril,T2,2025-T2,202504,2025-04,Apr 2025,7,Sunday,Dimanche,1,0,0,20250406,7,7
20250407,2025-04-07,2025,4,April,Avril,T2,2025-T2,202504,2025-04,Apr 2025,1,Monday,Lundi,0,0,0,20250407,1,1
20250408,2025-04-08,2025,4,April,Avril,T2,2025-T2,202504,2025-04,Apr 2025,2,Tuesday,Mardi,0,0,0,20250408,2,2
20250409,2025-04-09,2025,4,April,Avril,T2,2025-T2,202504,2025-04,Apr 2025,3,Wednesday,Mercredi,0,0,0,20250409,3,3
20250410,2025-04-10,2025,4,April,Avril,T2,2025-T2,202504,2025-04,Apr 2025,4,Thursday,Jeudi,0,0,0,20250410,4,4
20250411,2025-04-11,2025,4,April,Avril,T2,2025-T2,202504,2025-04,Apr 2025,5,Friday,Vendredi,0,0,0,20250411,5,5
20250412,2025-04-12,2025,4,April,Avril,T2,2025-T2,202504,2025-04,Apr 2025,6,Saturday,Samedi,1,0,0,20250412,6,6
20250413,2025-04-13,2025,4,April,Avril,T2,2025-T2,202504,2025-04,Apr 2025,7,Sunday,Dimanche,1,0,0,20250413,7,7
20250414,2025-04-14,2025,4,April,Avril,T2,2025-T2,202504,2025-04,Apr 2025,1,Monday,Lundi,0,0,0,20250414,1,1
20250415,2025-04-15,2025,4,April,Avril,T2,2025-T2,202504,2025-04,Apr 2025,2,Tuesday,Mardi,0,0,0,20250415,2,2
20250416,2025-04-16,2025,4,April,Avril,T2,2025-T2,202504,2025-04,Apr 2025,3,Wednesday,Mercredi,0,0,0,20250416,3,3
20250417,2025-04-17,2025,4,April,Avril,T2,2025-T2,202504,2025-04,Apr 2025,4,Thursday,Jeudi,0,0,0,20250417,4,4
20250418,2025-04-18,2025,4,April,Avril,T2,2025-T2,202504,2025-04,Apr 2025,5,Friday,Vendredi,0,0,0,20250418,5,5
20250419,2025-04-19,2025,4,April,Avril,T2,2025-T2,202504,2025-04,Apr 2025,6,Saturday,Samedi,1,0,0,20250419,6,6
20250420,2025-04-20,2025,4,April,Avril,T2,2025-T2,202504,2025-04,Apr 2025,7,Sunday,Dimanche,1,0,0,20250420,7,7
20250421,2025-04-21,2025,4,April,Avril,T2,2025-T2,202504,2025-04,Apr 2025,1,Monday,Lundi,0,0,0,20250421,1,1
20250422,2025-04-22,2025,4,April,Avril,T2,2025-T2,202504,2025-04,Apr 2025,2,Tuesday,Mardi,0,0,0,20250422,2,2
20250423,2025-04-23,2025,4,April,Avril,T2,2025-T2,202504,2025-04,Apr 2025,3,Wednesday,Mercredi,0,0,0,20250423,3,3
20250424,2025-04-24,2025,4,April,Avril,T2,2025-T2,202504,2025-04,Apr 2025,4,Thursday,Jeudi,0,0,0,20250424,4,4
20250425,2025-04-25,2025,4,April,Avril,T2,2025-T2,202504,2025-04,Apr 2025,5,Friday,Vendredi,0,0,0,20250425,5,5
20250426,2025-04-26,2025,4,April,Avril,T2,2025-T2,202504,2025-04,Apr 2025,6,Saturday,Samedi,1,0,0,20250426,6,6
20250427,2025-04-27,2025,4,April,Avril,T2,2025-T2,202504,2025-04,Apr 2025,7,Sunday,Dimanche,1,0,0,20250427,7,7
20250428,2025-04-28,2025,4,April,Avril,T2,2025-T2,202504,2025-04,Apr 2025,1,Monday,Lundi,0,0,0,20250428,1,1
20250429,2025-04-29,2025,4,April,Avril,T2,2025-T2,202504,2025-04,Apr 2025,2,Tuesday,Mardi,0,0,0,20250429,2,2
20250430,2025-04-30,2025,4,April,Avril,T2,2025-T2,202504,2025-04,Apr 2025,3,Wednesday,Mercredi,0,0,1,20250430,3,3
20250501,2025-05-01,2025,5,May,Mai,T2,2025-T2,202505,2025-05,May 2025,4,Thursday,Jeudi,0,1,0,20250501,4,4
20250502,2025-05-02,2025,5,May,Mai,T2,2025-T2,202505,2025-05,May 2025,5,Friday,Vendredi,0,0,0,20250502,5,5
20250503,2025-05-03,2025,5,May,Mai,T2,2025-T2,202505,2025-05,May 2025,6,Saturday,Samedi,1,0,0,20250503,6,6
20250504,2025-05-04,2025,5,May,Mai,T2,2025-T2,202505,2025-05,May 2025,7,Sunday,Dimanche,1,0,0,20250504,7,7
20250505,2025-05-05,2025,5,May,Mai,T2,2025-T2,202505,2025-05,May 2025,1,Monday,Lundi,0,0,0,20250505,1,1
20250506,2025-05-06,2025,5,May,Mai,T2,2025-T2,202505,2025-05,May 2025,2,Tuesday,Mardi,0,0,0,20250506,2,2
20250507,2025-05-07,2025,5,May,Mai,T2,2025-T2,202505,2025-05,May 2025,3,Wednesday,Mercredi,0,0,0,20250507,3,3
20250508,2025-05-08,2025,5,May,Mai,T2,2025-T2,202505,2025-05,May 2025,4,Thursday,Jeudi,0,0,0,20250508,4,4
20250509,2025-05-09,2025,5,May,Mai,T2,2025-T2,202505,2025-05,May 2025,5,Friday,Vendredi,0,0,0,20250509,5,5
20250510,2025-05-10,2025,5,May,Mai,T2,2025-T2,202505,2025-05,May 2025,6,Saturday,Samedi,1,0,0,20250510,6,6
20250511,2025-05-11,2025,5,May,Mai,T2,2025-T2,202505,2025-05,May 2025,7,Sunday,Dimanche,1,0,0,20250511,7,7
20250512,2025-05-12,2025,5,May,Mai,T2,2025-T2,202505,2025-05,May 2025,1,Monday,Lundi,0,0,0,20250512,1,1
20250513,2025-05-13,2025,5,May,Mai,T2,2025-T2,202505,2025-05,May 2025,2,Tuesday,Mardi,0,0,0,20250513,2,2
20250514,2025-05-14,2025,5,May,Mai,T2,2025-T2,202505,2025-05,May 2025,3,Wednesday,Mercredi,0,0,0,20250514,3,3
20250515,2025-05-15,2025,5,May,Mai,T2,2025-T2,202505,2025-05,May 2025,4,Thursday,Jeudi,0,0,0,20250515,4,4
20250516,2025-05-16,2025,5,May,Mai,T2,2025-T2,202505,2025-05,May 2025,5,Friday,Vendredi,0,0,0,20250516,5,5
20250517,2025-05-17,2025,5,May,Mai,T2,2025-T2,202505,2025-05,May 2025,6,Saturday,Samedi,1,0,0,20250517,6,6
20250518,2025-05-18,2025,5,May,Mai,T2,2025-T2,202505,2025-05,May 2025,7,Sunday,Dimanche,1,0,0,20250518,7,7
20250519,2025-05-19,2025,5,May,Mai,T2,2025-T2,202505,2025-05,May 2025,1,Monday,Lundi,0,0,0,20250519,1,1
20250520,2025-05-20,2025,5,May,Mai,T2,2025-T2,202505,2025-05,May 2025,2,Tuesday,Mardi,0,0,0,20250520,2,2
20250521,2025-05-21,2025,5,May,Mai,T2,2025-T2,202505,2025-05,May 2025,3,Wednesday,Mercredi,0,0,0,20250521,3,3
20250522,2025-05-22,2025,5,May,Mai,T2,2025-T2,202505,2025-05,May 2025,4,Thursday,Jeudi,0,0,0,20250522,4,4
20250523,2025-05-23,2025,5,May,Mai,T2,2025-T2,202505,2025-05,May 2025,5,Friday,Vendredi,0,0,0,20250523,5,5
20250524,2025-05-24,2025,5,May,Mai,T2,2025-T2,202505,2025-05,May 2025,6,Saturday,Samedi,1,0,0,20250524,6,6
20250525,2025-05-25,2025,5,May,Mai,T2,2025-T2,202505,2025-05,May 2025,7,Sunday,Dimanche,1,0,0,20250525,7,7
20250526,2025-05-26,2025,5,May,Mai,T2,2025-T2,202505,2025-05,May 2025,1,Monday,Lundi,0,0,0,20250526,1,1
20250527,2025-05-27,2025,5,May,Mai,T2,2025-T2,202505,2025-05,May 2025,2,Tuesday,Mardi,0,0,0,20250527,2,2
20250528,2025-05-28,2025,5,May,Mai,T2,2025-T2,202505,2025-05,May 2025,3,Wednesday,Mercredi,0,0,0,20250528,3,3
20250529,2025-05-29,2025,5,May,Mai,T2,2025-T2,202505,2025-05,May 2025,4,Thursday,Jeudi,0,0,0,20250529,4,4
20250530,2025-05-30,2025,5,May,Mai,T2,2025-T2,202505,2025-05,May 2025,5,Friday,Vendredi,0,0,0,20250530,5,5
20250531,2025-05-31,2025,5,May,Mai,T2,2025-T2,202505,2025-05,May 2025,6,Saturday,Samedi,1,0,1,20250531,6,6
20250601,2025-06-01,2025,6,June,Juin,T2,2025-T2,202506,2025-06,Jun 2025,7,Sunday,Dimanche,1,1,0,20250601,7,7
20250602,2025-06-02,2025,6,June,Juin,T2,2025-T2,202506,2025-06,Jun 2025,1,Monday,Lundi,0,0,0,20250602,1,1
20250603,2025-06-03,2025,6,June,Juin,T2,2025-T2,202506,2025-06,Jun 2025,2,Tuesday,Mardi,0,0,0,20250603,2,2
20250604,2025-06-04,2025,6,June,Juin,T2,2025-T2,202506,2025-06,Jun 2025,3,Wednesday,Mercredi,0,0,0,20250604,3,3
20250605,2025-06-05,2025,6,June,Juin,T2,2025-T2,202506,2025-06,Jun 2025,4,Thursday,Jeudi,0,0,0,20250605,4,4
20250606,2025-06-06,2025,6,June,Juin,T2,2025-T2,202506,2025-06,Jun 2025,5,Friday,Vendredi,0,0,0,20250606,5,5
20250607,2025-06-07,2025,6,June,Juin,T2,2025-T2,202506,2025-06,Jun 2025,6,Saturday,Samedi,1,0,0,20250607,6,6
20250608,2025-06-08,2025,6,June,Juin,T2,2025-T2,202506,2025-06,Jun 2025,7,Sunday,Dimanche,1,0,0,20250608,7,7
20250609,2025-06-09,2025,6,June,Juin,T2,2025-T2,202506,2025-06,Jun 2025,1,Monday,Lundi,0,0,0,20250609,1,1
20250610,2025-06-10,2025,6,June,Juin,T2,2025-T2,202506,2025-06,Jun 2025,2,Tuesday,Mardi,0,0,0,20250610,2,2
20250611,2025-06-11,2025,6,June,Juin,T2,2025-T2,202506,2025-06,Jun 2025,3,Wednesday,Mercredi,0,0,0,20250611,3,3
20250612,2025-06-12,2025,6,June,Juin,T2,2025-T2,202506,2025-06,Jun 2025,4,Thursday,Jeudi,0,0,0,20250612,4,4
20250613,2025-06-13,2025,6,June,Juin,T2,2025-T2,202506,2025-06,Jun 2025,5,Friday,Vendredi,0,0,0,20250613,5,5
20250614,2025-06-14,2025,6,June,Juin,T2,2025-T2,202506,2025-06,Jun 2025,6,Saturday,Samedi,1,0,0,20250614,6,6
20250615,2025-06-15,2025,6,June,Juin,T2,2025-T2,202506,2025-06,Jun 2025,7,Sunday,Dimanche,1,0,0,20250615,7,7
20250616,2025-06-16,2025,6,June,Juin,T2,2025-T2,202506,2025-06,Jun 2025,1,Monday,Lundi,0,0,0,20250616,1,1
20250617,2025-06-17,2025,6,June,Juin,T2,2025-T2,202506,2025-06,Jun 2025,2,Tuesday,Mardi,0,0,0,20250617,2,2
20250618,2025-06-18,2025,6,June,Juin,T2,2025-T2,202506,2025-06,Jun 2025,3,Wednesday,Mercredi,0,0,0,20250618,3,3
20250619,2025-06-19,2025,6,June,Juin,T2,2025-T2,202506,2025-06,Jun 2025,4,Thursday,Jeudi,0,0,0,20250619,4,4
20250620,2025-06-20,2025,6,June,Juin,T2,2025-T2,202506,2025-06,Jun 2025,5,Friday,Vendredi,0,0,0,20250620,5,5
20250621,2025-06-21,2025,6,June,Juin,T2,2025-T2,202506,2025-06,Jun 2025,6,Saturday,Samedi,1,0,0,20250621,6,6
20250622,2025-06-22,2025,6,June,Juin,T2,2025-T2,202506,2025-06,Jun 2025,7,Sunday,Dimanche,1,0,0,20250622,7,7
20250623,2025-06-23,2025,6,June,Juin,T2,2025-T2,202506,2025-06,Jun 2025,1,Monday,Lundi,0,0,0,20250623,1,1
20250624,2025-06-24,2025,6,June,Juin,T2,2025-T2,202506,2025-06,Jun 2025,2,Tuesday,Mardi,0,0,0,20250624,2,2
20250625,2025-06-25,2025,6,June,Juin,T2,2025-T2,202506,2025-06,Jun 2025,3,Wednesday,Mercredi,0,0,0,20250625,3,3
20250626,2025-06-26,2025,6,June,Juin,T2,2025-T2,202506,2025-06,Jun 2025,4,Thursday,Jeudi,0,0,0,20250626,4,4
20250627,2025-06-27,2025,6,June,Juin,T2,2025-T2,202506,2025-06,Jun 2025,5,Friday,Vendredi,0,0,0,20250627,5,5
20250628,2025-06-28,2025,6,June,Juin,T2,2025-T2,202506,2025-06,Jun 2025,6,Saturday,Samedi,1,0,0,20250628,6,6
20250629,2025-06-29,2025,6,June,Juin,T2,2025-T2,202506,2025-06,Jun 2025,7,Sunday,Dimanche,1,0,0,20250629,7,7
20250630,2025-06-30,2025,6,June,Juin,T2,2025-T2,202506,2025-06,Jun 2025,1,Monday,Lundi,0,0,1,20250630,1,1
20250701,2025-07-01,2025,7,July,Juillet,T3,2025-T3,202507,2025-07,Jul 2025,2,Tuesday,Mardi,0,1,0,20250701,2,2
20250702,2025-07-02,2025,7,July,Juillet,T3,2025-T3,202507,2025-07,Jul 2025,3,Wednesday,Mercredi,0,0,0,20250702,3,3
20250703,2025-07-03,2025,7,July,Juillet,T3,2025-T3,202507,2025-07,Jul 2025,4,Thursday,Jeudi,0,0,0,20250703,4,4
20250704,2025-07-04,2025,7,July,Juillet,T3,2025-T3,202507,2025-07,Jul 2025,5,Friday,Vendredi,0,0,0,20250704,5,5
20250705,2025-07-05,2025,7,July,Juillet,T3,2025-T3,202507,2025-07,Jul 2025,6,Saturday,Samedi,1,0,0,20250705,6,6
20250706,2025-07-06,2025,7,July,Juillet,T3,2025-T3,202507,2025-07,Jul 2025,7,Sunday,Dimanche,1,0,0,20250706,7,7
20250707,2025-07-07,2025,7,July,Juillet,T3,2025-T3,202507,2025-07,Jul 2025,1,Monday,Lundi,0,0,0,20250707,1,1
20250708,2025-07-08,2025,7,July,Juillet,T3,2025-T3,202507,2025-07,Jul 2025,2,Tuesday,Mardi,0,0,0,20250708,2,2
20250709,2025-07-09,2025,7,July,Juillet,T3,2025-T3,202507,2025-07,Jul 2025,3,Wednesday,Mercredi,0,0,0,20250709,3,3
20250710,2025-07-10,2025,7,July,Juillet,T3,2025-T3,202507,2025-07,Jul 2025,4,Thursday,Jeudi,0,0,0,20250710,4,4
20250711,2025-07-11,2025,7,July,Juillet,T3,2025-T3,202507,2025-07,Jul 2025,5,Friday,Vendredi,0,0,0,20250711,5,5
20250712,2025-07-12,2025,7,July,Juillet,T3,2025-T3,202507,2025-07,Jul 2025,6,Saturday,Samedi,1,0,0,20250712,6,6
20250713,2025-07-13,2025,7,July,Juillet,T3,2025-T3,202507,2025-07,Jul 2025,7,Sunday,Dimanche,1,0,0,20250713,7,7
20250714,2025-07-14,2025,7,July,Juillet,T3,2025-T3,202507,2025-07,Jul 2025,1,Monday,Lundi,0,0,0,20250714,1,1
20250715,2025-07-15,2025,7,July,Juillet,T3,2025-T3,202507,2025-07,Jul 2025,2,Tuesday,Mardi,0,0,0,20250715,2,2
20250716,2025-07-16,2025,7,July,Juillet,T3,2025-T3,202507,2025-07,Jul 2025,3,Wednesday,Mercredi,0,0,0,20250716,3,3
20250717,2025-07-17,2025,7,July,Juillet,T3,2025-T3,202507,2025-07,Jul 2025,4,Thursday,Jeudi,0,0,0,20250717,4,4
20250718,2025-07-18,2025,7,July,Juillet,T3,2025-T3,202507,2025-07,Jul 2025,5,Friday,Vendredi,0,0,0,20250718,5,5
20250719,2025-07-19,2025,7,July,Juillet,T3,2025-T3,202507,2025-07,Jul 2025,6,Saturday,Samedi,1,0,0,20250719,6,6
20250720,2025-07-20,2025,7,July,Juillet,T3,2025-T3,202507,2025-07,Jul 2025,7,Sunday,Dimanche,1,0,0,20250720,7,7
20250721,2025-07-21,2025,7,July,Juillet,T3,2025-T3,202507,2025-07,Jul 2025,1,Monday,Lundi,0,0,0,20250721,1,1
20250722,2025-07-22,2025,7,July,Juillet,T3,2025-T3,202507,2025-07,Jul 2025,2,Tuesday,Mardi,0,0,0,20250722,2,2
20250723,2025-07-23,2025,7,July,Juillet,T3,2025-T3,202507,2025-07,Jul 2025,3,Wednesday,Mercredi,0,0,0,20250723,3,3
20250724,2025-07-24,2025,7,July,Juillet,T3,2025-T3,202507,2025-07,Jul 2025,4,Thursday,Jeudi,0,0,0,20250724,4,4
20250725,2025-07-25,2025,7,July,Juillet,T3,2025-T3,202507,2025-07,Jul 2025,5,Friday,Vendredi,0,0,0,20250725,5,5
20250726,2025-07-26,2025,7,July,Juillet,T3,2025-T3,202507,2025-07,Jul 2025,6,Saturday,Samedi,1,0,0,20250726,6,6
20250727,2025-07-27,2025,7,July,Juillet,T3,2025-T3,202507,2025-07,Jul 2025,7,Sunday,Dimanche,1,0,0,20250727,7,7
20250728,2025-07-28,2025,7,July,Juillet,T3,2025-T3,202507,2025-07,Jul 2025,1,Monday,Lundi,0,0,0,20250728,1,1
20250729,2025-07-29,2025,7,July,Juillet,T3,2025-T3,202507,2025-07,Jul 2025,2,Tuesday,Mardi,0,0,0,20250729,2,2
20250730,2025-07-30,2025,7,July,Juillet,T3,2025-T3,202507,2025-07,Jul 2025,3,Wednesday,Mercredi,0,0,0,20250730,3,3
20250731,2025-07-31,2025,7,July,Juillet,T3,2025-T3,202507,2025-07,Jul 2025,4,Thursday,Jeudi,0,0,1,20250731,4,4
20250801,2025-08-01,2025,8,August,Août,T3,2025-T3,202508,2025-08,Aug 2025,5,Friday,Vendredi,0,1,0,20250801,5,5
20250802,2025-08-02,2025,8,August,Août,T3,2025-T3,202508,2025-08,Aug 2025,6,Saturday,Samedi,1,0,0,20250802,6,6
20250803,2025-08-03,2025,8,August,Août,T3,2025-T3,202508,2025-08,Aug 2025,7,Sunday,Dimanche,1,0,0,20250803,7,7
20250804,2025-08-04,2025,8,August,Août,T3,2025-T3,202508,2025-08,Aug 2025,1,Monday,Lundi,0,0,0,20250804,1,1
20250805,2025-08-05,2025,8,August,Août,T3,2025-T3,202508,2025-08,Aug 2025,2,Tuesday,Mardi,0,0,0,20250805,2,2
20250806,2025-08-06,2025,8,August,Août,T3,2025-T3,202508,2025-08,Aug 2025,3,Wednesday,Mercredi,0,0,0,20250806,3,3
20250807,2025-08-07,2025,8,August,Août,T3,2025-T3,202508,2025-08,Aug 2025,4,Thursday,Jeudi,0,0,0,20250807,4,4
20250808,2025-08-08,2025,8,August,Août,T3,2025-T3,202508,2025-08,Aug 2025,5,Friday,Vendredi,0,0,0,20250808,5,5
20250809,2025-08-09,2025,8,August,Août,T3,2025-T3,202508,2025-08,Aug 2025,6,Saturday,Samedi,1,0,0,20250809,6,6
20250810,2025-08-10,2025,8,August,Août,T3,2025-T3,202508,2025-08,Aug 2025,7,Sunday,Dimanche,1,0,0,20250810,7,7
20250811,2025-08-11,2025,8,August,Août,T3,2025-T3,202508,2025-08,Aug 2025,1,Monday,Lundi,0,0,0,20250811,1,1
20250812,2025-08-12,2025,8,August,Août,T3,2025-T3,202508,2025-08,Aug 2025,2,Tuesday,Mardi,0,0,0,20250812,2,2
20250813,2025-08-13,2025,8,August,Août,T3,2025-T3,202508,2025-08,Aug 2025,3,Wednesday,Mercredi,0,0,0,20250813,3,3
20250814,2025-08-14,2025,8,August,Août,T3,2025-T3,202508,2025-08,Aug 2025,4,Thursday,Jeudi,0,0,0,20250814,4,4
20250815,2025-08-15,2025,8,August,Août,T3,2025-T3,202508,2025-08,Aug 2025,5,Friday,Vendredi,0,0,0,20250815,5,5
20250816,2025-08-16,2025,8,August,Août,T3,2025-T3,202508,2025-08,Aug 2025,6,Saturday,Samedi,1,0,0,20250816,6,6
20250817,2025-08-17,2025,8,August,Août,T3,2025-T3,202508,2025-08,Aug 2025,7,Sunday,Dimanche,1,0,0,20250817,7,7
20250818,2025-08-18,2025,8,August,Août,T3,2025-T3,202508,2025-08,Aug 2025,1,Monday,Lundi,0,0,0,20250818,1,1
20250819,2025-08-19,2025,8,August,Août,T3,2025-T3,202508,2025-08,Aug 2025,2,Tuesday,Mardi,0,0,0,20250819,2,2
20250820,2025-08-20,2025,8,August,Août,T3,2025-T3,202508,2025-08,Aug 2025,3,Wednesday,Mercredi,0,0,0,20250820,3,3
20250821,2025-08-21,2025,8,August,Août,T3,2025-T3,202508,2025-08,Aug 2025,4,Thursday,Jeudi,0,0,0,20250821,4,4
20250822,2025-08-22,2025,8,August,Août,T3,2025-T3,202508,2025-08,Aug 2025,5,Friday,Vendredi,0,0,0,20250822,5,5
20250823,2025-08-23,2025,8,August,Août,T3,2025-T3,202508,2025-08,Aug 2025,6,Saturday,Samedi,1,0,0,20250823,6,6
20250824,2025-08-24,2025,8,August,Août,T3,2025-T3,202508,2025-08,Aug 2025,7,Sunday,Dimanche,1,0,0,20250824,7,7
20250825,2025-08-25,2025,8,August,Août,T3,2025-T3,202508,2025-08,Aug 2025,1,Monday,Lundi,0,0,0,20250825,1,1
20250826,2025-08-26,2025,8,August,Août,T3,2025-T3,202508,2025-08,Aug 2025,2,Tuesday,Mardi,0,0,0,20250826,2,2
20250827,2025-08-27,2025,8,August,Août,T3,2025-T3,202508,2025-08,Aug 2025,3,Wednesday,Mercredi,0,0,0,20250827,3,3
20250828,2025-08-28,2025,8,August,Août,T3,2025-T3,202508,2025-08,Aug 2025,4,Thursday,Jeudi,0,0,0,20250828,4,4
20250829,2025-08-29,2025,8,August,Août,T3,2025-T3,202508,2025-08,Aug 2025,5,Friday,Vendredi,0,0,0,20250829,5,5
20250830,2025-08-30,2025,8,August,Août,T3,2025-T3,202508,2025-08,Aug 2025,6,Saturday,Samedi,1,0,0,20250830,6,6
20250831,2025-08-31,2025,8,August,Août,T3,2025-T3,202508,2025-08,Aug 2025,7,Sunday,Dimanche,1,0,1,20250831,7,7
20250901,2025-09-01,2025,9,September,Septembre,T3,2025-T3,202509,2025-09,Sep 2025,1,Monday,Lundi,0,1,0,20250901,1,1
20250902,2025-09-02,2025,9,September,Septembre,T3,2025-T3,202509,2025-09,Sep 2025,2,Tuesday,Mardi,0,0,0,20250902,2,2
20250903,2025-09-03,2025,9,September,Septembre,T3,2025-T3,202509,2025-09,Sep 2025,3,Wednesday,Mercredi,0,0,0,20250903,3,3
20250904,2025-09-04,2025,9,September,Septembre,T3,2025-T3,202509,2025-09,Sep 2025,4,Thursday,Jeudi,0,0,0,20250904,4,4
20250905,2025-09-05,2025,9,September,Septembre,T3,2025-T3,202509,2025-09,Sep 2025,5,Friday,Vendredi,0,0,0,20250905,5,5
20250906,2025-09-06,2025,9,September,Septembre,T3,2025-T3,202509,2025-09,Sep 2025,6,Saturday,Samedi,1,0,0,20250906,6,6
20250907,2025-09-07,2025,9,September,Septembre,T3,2025-T3,202509,2025-09,Sep 2025,7,Sunday,Dimanche,1,0,0,20250907,7,7
20250908,2025-09-08,2025,9,September,Septembre,T3,2025-T3,202509,2025-09,Sep 2025,1,Monday,Lundi,0,0,0,20250908,1,1
20250909,2025-09-09,2025,9,September,Septembre,T3,2025-T3,202509,2025-09,Sep 2025,2,Tuesday,Mardi,0,0,0,20250909,2,2
20250910,2025-09-10,2025,9,September,Septembre,T3,2025-T3,202509,2025-09,Sep 2025,3,Wednesday,Mercredi,0,0,0,20250910,3,3
20250911,2025-09-11,2025,9,September,Septembre,T3,2025-T3,202509,2025-09,Sep 2025,4,Thursday,Jeudi,0,0,0,20250911,4,4
20250912,2025-09-12,2025,9,September,Septembre,T3,2025-T3,202509,2025-09,Sep 2025,5,Friday,Vendredi,0,0,0,20250912,5,5
20250913,2025-09-13,2025,9,September,Septembre,T3,2025-T3,202509,2025-09,Sep 2025,6,Saturday,Samedi,1,0,0,20250913,6,6
20250914,2025-09-14,2025,9,September,Septembre,T3,2025-T3,202509,2025-09,Sep 2025,7,Sunday,Dimanche,1,0,0,20250914,7,7
20250915,2025-09-15,2025,9,September,Septembre,T3,2025-T3,202509,2025-09,Sep 2025,1,Monday,Lundi,0,0,0,20250915,1,1
20250916,2025-09-16,2025,9,September,Septembre,T3,2025-T3,202509,2025-09,Sep 2025,2,Tuesday,Mardi,0,0,0,20250916,2,2
20250917,2025-09-17,2025,9,September,Septembre,T3,2025-T3,202509,2025-09,Sep 2025,3,Wednesday,Mercredi,0,0,0,20250917,3,3
20250918,2025-09-18,2025,9,September,Septembre,T3,2025-T3,202509,2025-09,Sep 2025,4,Thursday,Jeudi,0,0,0,20250918,4,4
20250919,2025-09-19,2025,9,September,Septembre,T3,2025-T3,202509,2025-09,Sep 2025,5,Friday,Vendredi,0,0,0,20250919,5,5
20250920,2025-09-20,2025,9,September,Septembre,T3,2025-T3,202509,2025-09,Sep 2025,6,Saturday,Samedi,1,0,0,20250920,6,6
20250921,2025-09-21,2025,9,September,Septembre,T3,2025-T3,202509,2025-09,Sep 2025,7,Sunday,Dimanche,1,0,0,20250921,7,7
20250922,2025-09-22,2025,9,September,Septembre,T3,2025-T3,202509,2025-09,Sep 2025,1,Monday,Lundi,0,0,0,20250922,1,1
20250923,2025-09-23,2025,9,September,Septembre,T3,2025-T3,202509,2025-09,Sep 2025,2,Tuesday,Mardi,0,0,0,20250923,2,2
20250924,2025-09-24,2025,9,September,Septembre,T3,2025-T3,202509,2025-09,Sep 2025,3,Wednesday,Mercredi,0,0,0,20250924,3,3
20250925,2025-09-25,2025,9,September,Septembre,T3,2025-T3,202509,2025-09,Sep 2025,4,Thursday,Jeudi,0,0,0,20250925,4,4
20250926,2025-09-26,2025,9,September,Septembre,T3,2025-T3,202509,2025-09,Sep 2025,5,Friday,Vendredi,0,0,0,20250926,5,5
20250927,2025-09-27,2025,9,September,Septembre,T3,2025-T3,202509,2025-09,Sep 2025,6,Saturday,Samedi,1,0,0,20250927,6,6
20250928,2025-09-28,2025,9,September,Septembre,T3,2025-T3,202509,2025-09,Sep 2025,7,Sunday,Dimanche,1,0,0,20250928,7,7
20250929,2025-09-29,2025,9,September,Septembre,T3,2025-T3,202509,2025-09,Sep 2025,1,Monday,Lundi,0,0,0,20250929,1,1
20250930,2025-09-30,2025,9,September,Septembre,T3,2025-T3,202509,2025-09,Sep 2025,2,Tuesday,Mardi,0,0,1,20250930,2,2
20251001,2025-10-01,2025,10,October,Octobre,T4,2025-T4,202510,2025-10,Oct 2025,3,Wednesday,Mercredi,0,1,0,20251001,3,3
20251002,2025-10-02,2025,10,October,Octobre,T4,2025-T4,202510,2025-10,Oct 2025,4,Thursday,Jeudi,0,0,0,20251002,4,4
20251003,2025-10-03,2025,10,October,Octobre,T4,2025-T4,202510,2025-10,Oct 2025,5,Friday,Vendredi,0,0,0,20251003,5,5
20251004,2025-10-04,2025,10,October,Octobre,T4,2025-T4,202510,2025-10,Oct 2025,6,Saturday,Samedi,1,0,0,20251004,6,6
20251005,2025-10-05,2025,10,October,Octobre,T4,2025-T4,202510,2025-10,Oct 2025,7,Sunday,Dimanche,1,0,0,20251005,7,7
20251006,2025-10-06,2025,10,October,Octobre,T4,2025-T4,202510,2025-10,Oct 2025,1,Monday,Lundi,0,0,0,20251006,1,1
20251007,2025-10-07,2025,10,October,Octobre,T4,2025-T4,202510,2025-10,Oct 2025,2,Tuesday,Mardi,0,0,0,20251007,2,2
20251008,2025-10-08,2025,10,October,Octobre,T4,2025-T4,202510,2025-10,Oct 2025,3,Wednesday,Mercredi,0,0,0,20251008,3,3
20251009,2025-10-09,2025,10,October,Octobre,T4,2025-T4,202510,2025-10,Oct 2025,4,Thursday,Jeudi,0,0,0,20251009,4,4
20251010,2025-10-10,2025,10,October,Octobre,T4,2025-T4,202510,2025-10,Oct 2025,5,Friday,Vendredi,0,0,0,20251010,5,5
20251011,2025-10-11,2025,10,October,Octobre,T4,2025-T4,202510,2025-10,Oct 2025,6,Saturday,Samedi,1,0,0,20251011,6,6
20251012,2025-10-12,2025,10,October,Octobre,T4,2025-T4,202510,2025-10,Oct 2025,7,Sunday,Dimanche,1,0,0,20251012,7,7
20251013,2025-10-13,2025,10,October,Octobre,T4,2025-T4,202510,2025-10,Oct 2025,1,Monday,Lundi,0,0,0,20251013,1,1
20251014,2025-10-14,2025,10,October,Octobre,T4,2025-T4,202510,2025-10,Oct 2025,2,Tuesday,Mardi,0,0,0,20251014,2,2
20251015,2025-10-15,2025,10,October,Octobre,T4,2025-T4,202510,2025-10,Oct 2025,3,Wednesday,Mercredi,0,0,0,20251015,3,3
20251016,2025-10-16,2025,10,October,Octobre,T4,2025-T4,202510,2025-10,Oct 2025,4,Thursday,Jeudi,0,0,0,20251016,4,4
20251017,2025-10-17,2025,10,October,Octobre,T4,2025-T4,202510,2025-10,Oct 2025,5,Friday,Vendredi,0,0,0,20251017,5,5
20251018,2025-10-18,2025,10,October,Octobre,T4,2025-T4,202510,2025-10,Oct 2025,6,Saturday,Samedi,1,0,0,20251018,6,6
20251019,2025-10-19,2025,10,October,Octobre,T4,2025-T4,202510,2025-10,Oct 2025,7,Sunday,Dimanche,1,0,0,20251019,7,7
20251020,2025-10-20,2025,10,October,Octobre,T4,2025-T4,202510,2025-10,Oct 2025,1,Monday,Lundi,0,0,0,20251020,1,1
20251021,2025-10-21,2025,10,October,Octobre,T4,2025-T4,202510,2025-10,Oct 2025,2,Tuesday,Mardi,0,0,0,20251021,2,2
20251022,2025-10-22,2025,10,October,Octobre,T4,2025-T4,202510,2025-10,Oct 2025,3,Wednesday,Mercredi,0,0,0,20251022,3,3
20251023,2025-10-23,2025,10,October,Octobre,T4,2025-T4,202510,2025-10,Oct 2025,4,Thursday,Jeudi,0,0,0,20251023,4,4
20251024,2025-10-24,2025,10,October,Octobre,T4,2025-T4,202510,2025-10,Oct 2025,5,Friday,Vendredi,0,0,0,20251024,5,5
20251025,2025-10-25,2025,10,October,Octobre,T4,2025-T4,202510,2025-10,Oct 2025,6,Saturday,Samedi,1,0,0,20251025,6,6
20251026,2025-10-26,2025,10,October,Octobre,T4,2025-T4,202510,2025-10,Oct 2025,7,Sunday,Dimanche,1,0,0,20251026,7,7
20251027,2025-10-27,2025,10,October,Octobre,T4,2025-T4,202510,2025-10,Oct 2025,1,Monday,Lundi,0,0,0,20251027,1,1
20251028,2025-10-28,2025,10,October,Octobre,T4,2025-T4,202510,2025-10,Oct 2025,2,Tuesday,Mardi,0,0,0,20251028,2,2
20251029,2025-10-29,2025,10,October,Octobre,T4,2025-T4,202510,2025-10,Oct 2025,3,Wednesday,Mercredi,0,0,0,20251029,3,3
20251030,2025-10-30,2025,10,October,Octobre,T4,2025-T4,202510,2025-10,Oct 2025,4,Thursday,Jeudi,0,0,0,20251030,4,4
20251031,2025-10-31,2025,10,October,Octobre,T4,2025-T4,202510,2025-10,Oct 2025,5,Friday,Vendredi,0,0,1,20251031,5,5
20251101,2025-11-01,2025,11,November,Novembre,T4,2025-T4,202511,2025-11,Nov 2025,6,Saturday,Samedi,1,1,0,20251101,6,6
20251102,2025-11-02,2025,11,November,Novembre,T4,2025-T4,202511,2025-11,Nov 2025,7,Sunday,Dimanche,1,0,0,20251102,7,7
20251103,2025-11-03,2025,11,November,Novembre,T4,2025-T4,202511,2025-11,Nov 2025,1,Monday,Lundi,0,0,0,20251103,1,1
20251104,2025-11-04,2025,11,November,Novembre,T4,2025-T4,202511,2025-11,Nov 2025,2,Tuesday,Mardi,0,0,0,20251104,2,2
20251105,2025-11-05,2025,11,November,Novembre,T4,2025-T4,202511,2025-11,Nov 2025,3,Wednesday,Mercredi,0,0,0,20251105,3,3
20251106,2025-11-06,2025,11,November,Novembre,T4,2025-T4,202511,2025-11,Nov 2025,4,Thursday,Jeudi,0,0,0,20251106,4,4
20251107,2025-11-07,2025,11,November,Novembre,T4,2025-T4,202511,2025-11,Nov 2025,5,Friday,Vendredi,0,0,0,20251107,5,5
20251108,2025-11-08,2025,11,November,Novembre,T4,2025-T4,202511,2025-11,Nov 2025,6,Saturday,Samedi,1,0,0,20251108,6,6
20251109,2025-11-09,2025,11,November,Novembre,T4,2025-T4,202511,2025-11,Nov 2025,7,Sunday,Dimanche,1,0,0,20251109,7,7
20251110,2025-11-10,2025,11,November,Novembre,T4,2025-T4,202511,2025-11,Nov 2025,1,Monday,Lundi,0,0,0,20251110,1,1
20251111,2025-11-11,2025,11,November,Novembre,T4,2025-T4,202511,2025-11,Nov 2025,2,Tuesday,Mardi,0,0,0,20251111,2,2
20251112,2025-11-12,2025,11,November,Novembre,T4,2025-T4,202511,2025-11,Nov 2025,3,Wednesday,Mercredi,0,0,0,20251112,3,3
20251113,2025-11-13,2025,11,November,Novembre,T4,2025-T4,202511,2025-11,Nov 2025,4,Thursday,Jeudi,0,0,0,20251113,4,4
20251114,2025-11-14,2025,11,November,Novembre,T4,2025-T4,202511,2025-11,Nov 2025,5,Friday,Vendredi,0,0,0,20251114,5,5
20251115,2025-11-15,2025,11,November,Novembre,T4,2025-T4,202511,2025-11,Nov 2025,6,Saturday,Samedi,1,0,0,20251115,6,6
20251116,2025-11-16,2025,11,November,Novembre,T4,2025-T4,202511,2025-11,Nov 2025,7,Sunday,Dimanche,1,0,0,20251116,7,7
20251117,2025-11-17,2025,11,November,Novembre,T4,2025-T4,202511,2025-11,Nov 2025,1,Monday,Lundi,0,0,0,20251117,1,1
20251118,2025-11-18,2025,11,November,Novembre,T4,2025-T4,202511,2025-11,Nov 2025,2,Tuesday,Mardi,0,0,0,20251118,2,2
20251119,2025-11-19,2025,11,November,Novembre,T4,2025-T4,202511,2025-11,Nov 2025,3,Wednesday,Mercredi,0,0,0,20251119,3,3
20251120,2025-11-20,2025,11,November,Novembre,T4,2025-T4,202511,2025-11,Nov 2025,4,Thursday,Jeudi,0,0,0,20251120,4,4
20251121,2025-11-21,2025,11,November,Novembre,T4,2025-T4,202511,2025-11,Nov 2025,5,Friday,Vendredi,0,0,0,20251121,5,5
20251122,2025-11-22,2025,11,November,Novembre,T4,2025-T4,202511,2025-11,Nov 2025,6,Saturday,Samedi,1,0,0,20251122,6,6
20251123,2025-11-23,2025,11,November,Novembre,T4,2025-T4,202511,2025-11,Nov 2025,7,Sunday,Dimanche,1,0,0,20251123,7,7
20251124,2025-11-24,2025,11,November,Novembre,T4,2025-T4,202511,2025-11,Nov 2025,1,Monday,Lundi,0,0,0,20251124,1,1
20251125,2025-11-25,2025,11,November,Novembre,T4,2025-T4,202511,2025-11,Nov 2025,2,Tuesday,Mardi,0,0,0,20251125,2,2
20251126,2025-11-26,2025,11,November,Novembre,T4,2025-T4,202511,2025-11,Nov 2025,3,Wednesday,Mercredi,0,0,0,20251126,3,3
20251127,2025-11-27,2025,11,November,Novembre,T4,2025-T4,202511,2025-11,Nov 2025,4,Thursday,Jeudi,0,0,0,20251127,4,4
20251128,2025-11-28,2025,11,November,Novembre,T4,2025-T4,202511,2025-11,Nov 2025,5,Friday,Vendredi,0,0,0,20251128,5,5
20251129,2025-11-29,2025,11,November,Novembre,T4,2025-T4,202511,2025-11,Nov 2025,6,Saturday,Samedi,1,0,0,20251129,6,6
20251130,2025-11-30,2025,11,November,Novembre,T4,2025-T4,202511,2025-11,Nov 2025,7,Sunday,Dimanche,1,0,1,20251130,7,7
20251201,2025-12-01,2025,12,December,Décembre,T4,2025-T4,202512,2025-12,Dec 2025,1,Monday,Lundi,0,1,0,20251201,1,1
20251202,2025-12-02,2025,12,December,Décembre,T4,2025-T4,202512,2025-12,Dec 2025,2,Tuesday,Mardi,0,0,0,20251202,2,2
20251203,2025-12-03,2025,12,December,Décembre,T4,2025-T4,202512,2025-12,Dec 2025,3,Wednesday,Mercredi,0,0,0,20251203,3,3
20251204,2025-12-04,2025,12,December,Décembre,T4,2025-T4,202512,2025-12,Dec 2025,4,Thursday,Jeudi,0,0,0,20251204,4,4
20251205,2025-12-05,2025,12,December,Décembre,T4,2025-T4,202512,2025-12,Dec 2025,5,Friday,Vendredi,0,0,0,20251205,5,5
20251206,2025-12-06,2025,12,December,Décembre,T4,2025-T4,202512,2025-12,Dec 2025,6,Saturday,Samedi,1,0,0,20251206,6,6
20251207,2025-12-07,2025,12,December,Décembre,T4,2025-T4,202512,2025-12,Dec 2025,7,Sunday,Dimanche,1,0,0,20251207,7,7
20251208,2025-12-08,2025,12,December,Décembre,T4,2025-T4,202512,2025-12,Dec 2025,1,Monday,Lundi,0,0,0,20251208,1,1
20251209,2025-12-09,2025,12,December,Décembre,T4,2025-T4,202512,2025-12,Dec 2025,2,Tuesday,Mardi,0,0,0,20251209,2,2
20251210,2025-12-10,2025,12,December,Décembre,T4,2025-T4,202512,2025-12,Dec 2025,3,Wednesday,Mercredi,0,0,0,20251210,3,3
20251211,2025-12-11,2025,12,December,Décembre,T4,2025-T4,202512,2025-12,Dec 2025,4,Thursday,Jeudi,0,0,0,20251211,4,4
20251212,2025-12-12,2025,12,December,Décembre,T4,2025-T4,202512,2025-12,Dec 2025,5,Friday,Vendredi,0,0,0,20251212,5,5
20251213,2025-12-13,2025,12,December,Décembre,T4,2025-T4,202512,2025-12,Dec 2025,6,Saturday,Samedi,1,0,0,20251213,6,6
20251214,2025-12-14,2025,12,December,Décembre,T4,2025-T4,202512,2025-12,Dec 2025,7,Sunday,Dimanche,1,0,0,20251214,7,7
20251215,2025-12-15,2025,12,December,Décembre,T4,2025-T4,202512,2025-12,Dec 2025,1,Monday,Lundi,0,0,0,20251215,1,1
20251216,2025-12-16,2025,12,December,Décembre,T4,2025-T4,202512,2025-12,Dec 2025,2,Tuesday,Mardi,0,0,0,20251216,2,2
20251217,2025-12-17,2025,12,December,Décembre,T4,2025-T4,202512,2025-12,Dec 2025,3,Wednesday,Mercredi,0,0,0,20251217,3,3
20251218,2025-12-18,2025,12,December,Décembre,T4,2025-T4,202512,2025-12,Dec 2025,4,Thursday,Jeudi,0,0,0,20251218,4,4
20251219,2025-12-19,2025,12,December,Décembre,T4,2025-T4,202512,2025-12,Dec 2025,5,Friday,Vendredi,0,0,0,20251219,5,5
20251220,2025-12-20,2025,12,December,Décembre,T4,2025-T4,202512,2025-12,Dec 2025,6,Saturday,Samedi,1,0,0,20251220,6,6
20251221,2025-12-21,2025,12,December,Décembre,T4,2025-T4,202512,2025-12,Dec 2025,7,Sunday,Dimanche,1,0,0,20251221,7,7
20251222,2025-12-22,2025,12,December,Décembre,T4,2025-T4,202512,2025-12,Dec 2025,1,Monday,Lundi,0,0,0,20251222,1,1
20251223,2025-12-23,2025,12,December,Décembre,T4,2025-T4,202512,2025-12,Dec 2025,2,Tuesday,Mardi,0,0,0,20251223,2,2
20251224,2025-12-24,2025,12,December,Décembre,T4,2025-T4,202512,2025-12,Dec 2025,3,Wednesday,Mercredi,0,0,0,20251224,3,3
20251225,2025-12-25,2025,12,December,Décembre,T4,2025-T4,202512,2025-12,Dec 2025,4,Thursday,Jeudi,0,0,0,20251225,4,4
20251226,2025-12-26,2025,12,December,Décembre,T4,2025-T4,202512,2025-12,Dec 2025,5,Friday,Vendredi,0,0,0,20251226,5,5
20251227,2025-12-27,2025,12,December,Décembre,T4,2025-T4,202512,2025-12,Dec 2025,6,Saturday,Samedi,1,0,0,20251227,6,6
20251228,2025-12-28,2025,12,December,Décembre,T4,2025-T4,202512,2025-12,Dec 2025,7,Sunday,Dimanche,1,0,0,20251228,7,7
20251229,2025-12-29,2025,12,December,Décembre,T4,2025-T4,202512,2025-12,Dec 2025,1,Monday,Lundi,0,0,0,20251229,1,1
20251230,2025-12-30,2025,12,December,Décembre,T4,2025-T4,202512,2025-12,Dec 2025,2,Tuesday,Mardi,0,0,0,20251230,2,2
20251231,2025-12-31,2025,12,December,Décembre,T4,2025-T4,202512,2025-12,Dec 2025,3,Wednesday,Mercredi,0,0,1,20251231,3,3
