Date,DateKey,Annee,Mois,MoisNom,MoisNomCourt,Trimestre,TrimestreAnnee,Semaine,SemaineAnnee,JourSemaine,JourSemaineNom,JourSemaineNomCourt,JourMois,JourAnnee,EstWeekend,EstDebutMois,EstFinMois,Saison,PeriodeFiscale,MoisFrancais,EstJourOuvrable
2024-09-01,20240901,2024,9,September,Sep,T3,2024-T3,35,2024-S35,7,Sunday,Sun,1,245,1,1,0,Automne,FY2025,Septembre,0
2024-09-02,20240902,2024,9,September,Sep,T3,2024-T3,36,2024-S36,1,Monday,Mon,2,246,0,0,0,Automne,FY2025,Septembre,1
2024-09-03,20240903,2024,9,September,Sep,T3,2024-T3,36,2024-S36,2,Tuesday,Tue,3,247,0,0,0,Automne,FY2025,Septembre,1
2024-09-04,20240904,2024,9,September,Sep,T3,2024-T3,36,2024-S36,3,Wednesday,Wed,4,248,0,0,0,Automne,FY2025,Septembre,1
2024-09-05,20240905,2024,9,September,Sep,T3,2024-T3,36,2024-S36,4,Thursday,Thu,5,249,0,0,0,Automne,FY2025,Septembre,1
2024-09-06,20240906,2024,9,September,Sep,T3,2024-T3,36,2024-S36,5,Friday,Fri,6,250,0,0,0,Automne,FY2025,Septembre,1
2024-09-07,20240907,2024,9,September,Sep,T3,2024-T3,36,2024-S36,6,Saturday,Sat,7,251,1,0,0,Automne,FY2025,Septembre,0
2024-09-08,20240908,2024,9,September,Sep,T3,2024-T3,36,2024-S36,7,Sunday,Sun,8,252,1,0,0,Automne,FY2025,Septembre,0
2024-09-09,20240909,2024,9,September,Sep,T3,2024-T3,37,2024-S37,1,Monday,Mon,9,253,0,0,0,Automne,FY2025,Septembre,1
2024-09-10,20240910,2024,9,September,Sep,T3,2024-T3,37,2024-S37,2,Tuesday,Tue,10,254,0,0,0,Automne,FY2025,Septembre,1
2024-09-11,20240911,2024,9,September,Sep,T3,2024-T3,37,2024-S37,3,Wednesday,Wed,11,255,0,0,0,Automne,FY2025,Septembre,1
2024-09-12,20240912,2024,9,September,Sep,T3,2024-T3,37,2024-S37,4,Thursday,Thu,12,256,0,0,0,Automne,FY2025,Septembre,1
2024-09-13,20240913,2024,9,September,Sep,T3,2024-T3,37,2024-S37,5,Friday,Fri,13,257,0,0,0,Automne,FY2025,Septembre,1
2024-09-14,20240914,2024,9,September,Sep,T3,2024-T3,37,2024-S37,6,Saturday,Sat,14,258,1,0,0,Automne,FY2025,Septembre,0
2024-09-15,20240915,2024,9,September,Sep,T3,2024-T3,37,2024-S37,7,Sunday,Sun,15,259,1,0,0,Automne,FY2025,Septembre,0
2024-09-16,20240916,2024,9,September,Sep,T3,2024-T3,38,2024-S38,1,Monday,Mon,16,260,0,0,0,Automne,FY2025,Septembre,1
2024-09-17,20240917,2024,9,September,Sep,T3,2024-T3,38,2024-S38,2,Tuesday,Tue,17,261,0,0,0,Automne,FY2025,Septembre,1
2024-09-18,20240918,2024,9,September,Sep,T3,2024-T3,38,2024-S38,3,Wednesday,Wed,18,262,0,0,0,Automne,FY2025,Septembre,1
2024-09-19,20240919,2024,9,September,Sep,T3,2024-T3,38,2024-S38,4,Thursday,Thu,19,263,0,0,0,Automne,FY2025,Septembre,1
2024-09-20,20240920,2024,9,September,Sep,T3,2024-T3,38,2024-S38,5,Friday,Fri,20,264,0,0,0,Automne,FY2025,Septembre,1
2024-09-21,20240921,2024,9,September,Sep,T3,2024-T3,38,2024-S38,6,Saturday,Sat,21,265,1,0,0,Automne,FY2025,Septembre,0
2024-09-22,20240922,2024,9,September,Sep,T3,2024-T3,38,2024-S38,7,Sunday,Sun,22,266,1,0,0,Automne,FY2025,Septembre,0
2024-09-23,20240923,2024,9,September,Sep,T3,2024-T3,39,2024-S39,1,Monday,Mon,23,267,0,0,0,Automne,FY2025,Septembre,1
2024-09-24,20240924,2024,9,September,Sep,T3,2024-T3,39,2024-S39,2,Tuesday,Tue,24,268,0,0,0,Automne,FY2025,Septembre,1
2024-09-25,20240925,2024,9,September,Sep,T3,2024-T3,39,2024-S39,3,Wednesday,Wed,25,269,0,0,0,Automne,FY2025,Septembre,1
2024-09-26,20240926,2024,9,September,Sep,T3,2024-T3,39,2024-S39,4,Thursday,Thu,26,270,0,0,0,Automne,FY2025,Septembre,1
2024-09-27,20240927,2024,9,September,Sep,T3,2024-T3,39,2024-S39,5,Friday,Fri,27,271,0,0,0,Automne,FY2025,Septembre,1
2024-09-28,20240928,2024,9,September,Sep,T3,2024-T3,39,2024-S39,6,Saturday,Sat,28,272,1,0,0,Automne,FY2025,Septembre,0
2024-09-29,20240929,2024,9,September,Sep,T3,2024-T3,39,2024-S39,7,Sunday,Sun,29,273,1,0,0,Automne,FY2025,Septembre,0
2024-09-30,20240930,2024,9,September,Sep,T3,2024-T3,40,2024-S40,1,Monday,Mon,30,274,0,0,1,Automne,FY2025,Septembre,1
2024-10-01,20241001,2024,10,October,Oct,T4,2024-T4,40,2024-S40,2,Tuesday,Tue,1,275,0,1,0,Automne,FY2025,Octobre,1
2024-10-02,20241002,2024,10,October,Oct,T4,2024-T4,40,2024-S40,3,Wednesday,Wed,2,276,0,0,0,Automne,FY2025,Octobre,1
2024-10-03,20241003,2024,10,October,Oct,T4,2024-T4,40,2024-S40,4,Thursday,Thu,3,277,0,0,0,Automne,FY2025,Octobre,1
2024-10-04,20241004,2024,10,October,Oct,T4,2024-T4,40,2024-S40,5,Friday,Fri,4,278,0,0,0,Automne,FY2025,Octobre,1
2024-10-05,20241005,2024,10,October,Oct,T4,2024-T4,40,2024-S40,6,Saturday,Sat,5,279,1,0,0,Automne,FY2025,Octobre,0
2024-10-06,20241006,2024,10,October,Oct,T4,2024-T4,40,2024-S40,7,Sunday,Sun,6,280,1,0,0,Automne,FY2025,Octobre,0
2024-10-07,20241007,2024,10,October,Oct,T4,2024-T4,41,2024-S41,1,Monday,Mon,7,281,0,0,0,Automne,FY2025,Octobre,1
2024-10-08,20241008,2024,10,October,Oct,T4,2024-T4,41,2024-S41,2,Tuesday,Tue,8,282,0,0,0,Automne,FY2025,Octobre,1
2024-10-09,20241009,2024,10,October,Oct,T4,2024-T4,41,2024-S41,3,Wednesday,Wed,9,283,0,0,0,Automne,FY2025,Octobre,1
2024-10-10,20241010,2024,10,October,Oct,T4,2024-T4,41,2024-S41,4,Thursday,Thu,10,284,0,0,0,Automne,FY2025,Octobre,1
2024-10-11,20241011,2024,10,October,Oct,T4,2024-T4,41,2024-S41,5,Friday,Fri,11,285,0,0,0,Automne,FY2025,Octobre,1
2024-10-12,20241012,2024,10,October,Oct,T4,2024-T4,41,2024-S41,6,Saturday,Sat,12,286,1,0,0,Automne,FY2025,Octobre,0
2024-10-13,20241013,2024,10,October,Oct,T4,2024-T4,41,2024-S41,7,Sunday,Sun,13,287,1,0,0,Automne,FY2025,Octobre,0
2024-10-14,20241014,2024,10,October,Oct,T4,2024-T4,42,2024-S42,1,Monday,Mon,14,288,0,0,0,Automne,FY2025,Octobre,1
2024-10-15,20241015,2024,10,October,Oct,T4,2024-T4,42,2024-S42,2,Tuesday,Tue,15,289,0,0,0,Automne,FY2025,Octobre,1
2024-10-16,20241016,2024,10,October,Oct,T4,2024-T4,42,2024-S42,3,Wednesday,Wed,16,290,0,0,0,Automne,FY2025,Octobre,1
2024-10-17,20241017,2024,10,October,Oct,T4,2024-T4,42,2024-S42,4,Thursday,Thu,17,291,0,0,0,Automne,FY2025,Octobre,1
2024-10-18,20241018,2024,10,October,Oct,T4,2024-T4,42,2024-S42,5,Friday,Fri,18,292,0,0,0,Automne,FY2025,Octobre,1
2024-10-19,20241019,2024,10,October,Oct,T4,2024-T4,42,2024-S42,6,Saturday,Sat,19,293,1,0,0,Automne,FY2025,Octobre,0
2024-10-20,20241020,2024,10,October,Oct,T4,2024-T4,42,2024-S42,7,Sunday,Sun,20,294,1,0,0,Automne,FY2025,Octobre,0
2024-10-21,20241021,2024,10,October,Oct,T4,2024-T4,43,2024-S43,1,Monday,Mon,21,295,0,0,0,Automne,FY2025,Octobre,1
2024-10-22,20241022,2024,10,October,Oct,T4,2024-T4,43,2024-S43,2,Tuesday,Tue,22,296,0,0,0,Automne,FY2025,Octobre,1
2024-10-23,20241023,2024,10,October,Oct,T4,2024-T4,43,2024-S43,3,Wednesday,Wed,23,297,0,0,0,Automne,FY2025,Octobre,1
2024-10-24,20241024,2024,10,October,Oct,T4,2024-T4,43,2024-S43,4,Thursday,Thu,24,298,0,0,0,Automne,FY2025,Octobre,1
2024-10-25,20241025,2024,10,October,Oct,T4,2024-T4,43,2024-S43,5,Friday,Fri,25,299,0,0,0,Automne,FY2025,Octobre,1
2024-10-26,20241026,2024,10,October,Oct,T4,2024-T4,43,2024-S43,6,Saturday,Sat,26,300,1,0,0,Automne,FY2025,Octobre,0
2024-10-27,20241027,2024,10,October,Oct,T4,2024-T4,43,2024-S43,7,Sunday,Sun,27,301,1,0,0,Automne,FY2025,Octobre,0
2024-10-28,20241028,2024,10,October,Oct,T4,2024-T4,44,2024-S44,1,Monday,Mon,28,302,0,0,0,Automne,FY2025,Octobre,1
2024-10-29,20241029,2024,10,October,Oct,T4,2024-T4,44,2024-S44,2,Tuesday,Tue,29,303,0,0,0,Automne,FY2025,Octobre,1
2024-10-30,20241030,2024,10,October,Oct,T4,2024-T4,44,2024-S44,3,Wednesday,Wed,30,304,0,0,0,Automne,FY2025,Octobre,1
2024-10-31,20241031,2024,10,October,Oct,T4,2024-T4,44,2024-S44,4,Thursday,Thu,31,305,0,0,1,Automne,FY2025,Octobre,1
2024-11-01,20241101,2024,11,November,Nov,T4,2024-T4,44,2024-S44,5,Friday,Fri,1,306,0,1,0,Automne,FY2025,Novembre,1
2024-11-02,20241102,2024,11,November,Nov,T4,2024-T4,44,2024-S44,6,Saturday,Sat,2,307,1,0,0,Automne,FY2025,Novembre,0
2024-11-03,20241103,2024,11,November,Nov,T4,2024-T4,44,2024-S44,7,Sunday,Sun,3,308,1,0,0,Automne,FY2025,Novembre,0
2024-11-04,20241104,2024,11,November,Nov,T4,2024-T4,45,2024-S45,1,Monday,Mon,4,309,0,0,0,Automne,FY2025,Novembre,1
2024-11-05,20241105,2024,11,November,Nov,T4,2024-T4,45,2024-S45,2,Tuesday,Tue,5,310,0,0,0,Automne,FY2025,Novembre,1
2024-11-06,20241106,2024,11,November,Nov,T4,2024-T4,45,2024-S45,3,Wednesday,Wed,6,311,0,0,0,Automne,FY2025,Novembre,1
2024-11-07,20241107,2024,11,November,Nov,T4,2024-T4,45,2024-S45,4,Thursday,Thu,7,312,0,0,0,Automne,FY2025,Novembre,1
2024-11-08,20241108,2024,11,November,Nov,T4,2024-T4,45,2024-S45,5,Friday,Fri,8,313,0,0,0,Automne,FY2025,Novembre,1
2024-11-09,20241109,2024,11,November,Nov,T4,2024-T4,45,2024-S45,6,Saturday,Sat,9,314,1,0,0,Automne,FY2025,Novembre,0
2024-11-10,20241110,2024,11,November,Nov,T4,2024-T4,45,2024-S45,7,Sunday,Sun,10,315,1,0,0,Automne,FY2025,Novembre,0
2024-11-11,20241111,2024,11,November,Nov,T4,2024-T4,46,2024-S46,1,Monday,Mon,11,316,0,0,0,Automne,FY2025,Novembre,1
2024-11-12,20241112,2024,11,November,Nov,T4,2024-T4,46,2024-S46,2,Tuesday,Tue,12,317,0,0,0,Automne,FY2025,Novembre,1
2024-11-13,20241113,2024,11,November,Nov,T4,2024-T4,46,2024-S46,3,Wednesday,Wed,13,318,0,0,0,Automne,FY2025,Novembre,1
2024-11-14,20241114,2024,11,November,Nov,T4,2024-T4,46,2024-S46,4,Thursday,Thu,14,319,0,0,0,Automne,FY2025,Novembre,1
2024-11-15,20241115,2024,11,November,Nov,T4,2024-T4,46,2024-S46,5,Friday,Fri,15,320,0,0,0,Automne,FY2025,Novembre,1
2024-11-16,20241116,2024,11,November,Nov,T4,2024-T4,46,2024-S46,6,Saturday,Sat,16,321,1,0,0,Automne,FY2025,Novembre,0
2024-11-17,20241117,2024,11,November,Nov,T4,2024-T4,46,2024-S46,7,Sunday,Sun,17,322,1,0,0,Automne,FY2025,Novembre,0
2024-11-18,20241118,2024,11,November,Nov,T4,2024-T4,47,2024-S47,1,Monday,Mon,18,323,0,0,0,Automne,FY2025,Novembre,1
2024-11-19,20241119,2024,11,November,Nov,T4,2024-T4,47,2024-S47,2,Tuesday,Tue,19,324,0,0,0,Automne,FY2025,Novembre,1
2024-11-20,20241120,2024,11,November,Nov,T4,2024-T4,47,2024-S47,3,Wednesday,Wed,20,325,0,0,0,Automne,FY2025,Novembre,1
2024-11-21,20241121,2024,11,November,Nov,T4,2024-T4,47,2024-S47,4,Thursday,Thu,21,326,0,0,0,Automne,FY2025,Novembre,1
2024-11-22,20241122,2024,11,November,Nov,T4,2024-T4,47,2024-S47,5,Friday,Fri,22,327,0,0,0,Automne,FY2025,Novembre,1
2024-11-23,20241123,2024,11,November,Nov,T4,2024-T4,47,2024-S47,6,Saturday,Sat,23,328,1,0,0,Automne,FY2025,Novembre,0
2024-11-24,20241124,2024,11,November,Nov,T4,2024-T4,47,2024-S47,7,Sunday,Sun,24,329,1,0,0,Automne,FY2025,Novembre,0
2024-11-25,20241125,2024,11,November,Nov,T4,2024-T4,48,2024-S48,1,Monday,Mon,25,330,0,0,0,Automne,FY2025,Novembre,1
2024-11-26,20241126,2024,11,November,Nov,T4,2024-T4,48,2024-S48,2,Tuesday,Tue,26,331,0,0,0,Automne,FY2025,Novembre,1
2024-11-27,20241127,2024,11,November,Nov,T4,2024-T4,48,2024-S48,3,Wednesday,Wed,27,332,0,0,0,Automne,FY2025,Novembre,1
2024-11-28,20241128,2024,11,November,Nov,T4,2024-T4,48,2024-S48,4,Thursday,Thu,28,333,0,0,0,Automne,FY2025,Novembre,1
2024-11-29,20241129,2024,11,November,Nov,T4,2024-T4,48,2024-S48,5,Friday,Fri,29,334,0,0,0,Automne,FY2025,Novembre,1
2024-11-30,20241130,2024,11,November,Nov,T4,2024-T4,48,2024-S48,6,Saturday,Sat,30,335,1,0,1,Automne,FY2025,Novembre,0
2024-12-01,20241201,2024,12,December,Dec,T4,2024-T4,48,2024-S48,7,Sunday,Sun,1,336,1,1,0,Hiver,FY2025,Décembre,0
2024-12-02,20241202,2024,12,December,Dec,T4,2024-T4,49,2024-S49,1,Monday,Mon,2,337,0,0,0,Hiver,FY2025,Décembre,1
2024-12-03,20241203,2024,12,December,Dec,T4,2024-T4,49,2024-S49,2,Tuesday,Tue,3,338,0,0,0,Hiver,FY2025,Décembre,1
2024-12-04,20241204,2024,12,December,Dec,T4,2024-T4,49,2024-S49,3,Wednesday,Wed,4,339,0,0,0,Hiver,FY2025,Décembre,1
2024-12-05,20241205,2024,12,December,Dec,T4,2024-T4,49,2024-S49,4,Thursday,Thu,5,340,0,0,0,Hiver,FY2025,Décembre,1
2024-12-06,20241206,2024,12,December,Dec,T4,2024-T4,49,2024-S49,5,Friday,Fri,6,341,0,0,0,Hiver,FY2025,Décembre,1
2024-12-07,20241207,2024,12,December,Dec,T4,2024-T4,49,2024-S49,6,Saturday,Sat,7,342,1,0,0,Hiver,FY2025,Décembre,0
2024-12-08,20241208,2024,12,December,Dec,T4,2024-T4,49,2024-S49,7,Sunday,Sun,8,343,1,0,0,Hiver,FY2025,Décembre,0
2024-12-09,20241209,2024,12,December,Dec,T4,2024-T4,50,2024-S50,1,Monday,Mon,9,344,0,0,0,Hiver,FY2025,Décembre,1
2024-12-10,20241210,2024,12,December,Dec,T4,2024-T4,50,2024-S50,2,Tuesday,Tue,10,345,0,0,0,Hiver,FY2025,Décembre,1
2024-12-11,20241211,2024,12,December,Dec,T4,2024-T4,50,2024-S50,3,Wednesday,Wed,11,346,0,0,0,Hiver,FY2025,Décembre,1
2024-12-12,20241212,2024,12,December,Dec,T4,2024-T4,50,2024-S50,4,Thursday,Thu,12,347,0,0,0,Hiver,FY2025,Décembre,1
2024-12-13,20241213,2024,12,December,Dec,T4,2024-T4,50,2024-S50,5,Friday,Fri,13,348,0,0,0,Hiver,FY2025,Décembre,1
2024-12-14,20241214,2024,12,December,Dec,T4,2024-T4,50,2024-S50,6,Saturday,Sat,14,349,1,0,0,Hiver,FY2025,Décembre,0
2024-12-15,20241215,2024,12,December,Dec,T4,2024-T4,50,2024-S50,7,Sunday,Sun,15,350,1,0,0,Hiver,FY2025,Décembre,0
2024-12-16,20241216,2024,12,December,Dec,T4,2024-T4,51,2024-S51,1,Monday,Mon,16,351,0,0,0,Hiver,FY2025,Décembre,1
2024-12-17,20241217,2024,12,December,Dec,T4,2024-T4,51,2024-S51,2,Tuesday,Tue,17,352,0,0,0,Hiver,FY2025,Décembre,1
2024-12-18,20241218,2024,12,December,Dec,T4,2024-T4,51,2024-S51,3,Wednesday,Wed,18,353,0,0,0,Hiver,FY2025,Décembre,1
2024-12-19,20241219,2024,12,December,Dec,T4,2024-T4,51,2024-S51,4,Thursday,Thu,19,354,0,0,0,Hiver,FY2025,Décembre,1
2024-12-20,20241220,2024,12,December,Dec,T4,2024-T4,51,2024-S51,5,Friday,Fri,20,355,0,0,0,Hiver,FY2025,Décembre,1
2024-12-21,20241221,2024,12,December,Dec,T4,2024-T4,51,2024-S51,6,Saturday,Sat,21,356,1,0,0,Hiver,FY2025,Décembre,0
2024-12-22,20241222,2024,12,December,Dec,T4,2024-T4,51,2024-S51,7,Sunday,Sun,22,357,1,0,0,Hiver,FY2025,Décembre,0
2024-12-23,20241223,2024,12,December,Dec,T4,2024-T4,52,2024-S52,1,Monday,Mon,23,358,0,0,0,Hiver,FY2025,Décembre,1
2024-12-24,20241224,2024,12,December,Dec,T4,2024-T4,52,2024-S52,2,Tuesday,Tue,24,359,0,0,0,Hiver,FY2025,Décembre,1
2024-12-25,20241225,2024,12,December,Dec,T4,2024-T4,52,2024-S52,3,Wednesday,Wed,25,360,0,0,0,Hiver,FY2025,Décembre,1
2024-12-26,20241226,2024,12,December,Dec,T4,2024-T4,52,2024-S52,4,Thursday,Thu,26,361,0,0,0,Hiver,FY2025,Décembre,1
2024-12-27,20241227,2024,12,December,Dec,T4,2024-T4,52,2024-S52,5,Friday,Fri,27,362,0,0,0,Hiver,FY2025,Décembre,1
2024-12-28,20241228,2024,12,December,Dec,T4,2024-T4,52,2024-S52,6,Saturday,Sat,28,363,1,0,0,Hiver,FY2025,Décembre,0
2024-12-29,20241229,2024,12,December,Dec,T4,2024-T4,52,2024-S52,7,Sunday,Sun,29,364,1,0,0,Hiver,FY2025,Décembre,0
2024-12-30,20241230,2024,12,December,Dec,T4,2024-T4,1,2024-S01,1,Monday,Mon,30,365,0,0,0,Hiver,FY2025,Décembre,1
2024-12-31,20241231,2024,12,December,Dec,T4,2024-T4,1,2024-S01,2,Tuesday,Tue,31,366,0,0,1,Hiver,FY2025,Décembre,1
2025-01-01,20250101,2025,1,January,Jan,T1,2025-T1,1,2025-S01,3,Wednesday,Wed,1,1,0,1,0,Hiver,FY2025,Janvier,1
2025-01-02,20250102,2025,1,January,Jan,T1,2025-T1,1,2025-S01,4,Thursday,Thu,2,2,0,0,0,Hiver,FY2025,Janvier,1
2025-01-03,20250103,2025,1,January,Jan,T1,2025-T1,1,2025-S01,5,Friday,Fri,3,3,0,0,0,Hiver,FY2025,Janvier,1
2025-01-04,20250104,2025,1,January,Jan,T1,2025-T1,1,2025-S01,6,Saturday,Sat,4,4,1,0,0,Hiver,FY2025,Janvier,0
2025-01-05,20250105,2025,1,January,Jan,T1,2025-T1,1,2025-S01,7,Sunday,Sun,5,5,1,0,0,Hiver,FY2025,Janvier,0
2025-01-06,20250106,2025,1,January,Jan,T1,2025-T1,2,2025-S02,1,Monday,Mon,6,6,0,0,0,Hiver,FY2025,Janvier,1
2025-01-07,20250107,2025,1,January,Jan,T1,2025-T1,2,2025-S02,2,Tuesday,Tue,7,7,0,0,0,Hiver,FY2025,Janvier,1
2025-01-08,20250108,2025,1,January,Jan,T1,2025-T1,2,2025-S02,3,Wednesday,Wed,8,8,0,0,0,Hiver,FY2025,Janvier,1
2025-01-09,20250109,2025,1,January,Jan,T1,2025-T1,2,2025-S02,4,Thursday,Thu,9,9,0,0,0,Hiver,FY2025,Janvier,1
2025-01-10,20250110,2025,1,January,Jan,T1,2025-T1,2,2025-S02,5,Friday,Fri,10,10,0,0,0,Hiver,FY2025,Janvier,1
2025-01-11,20250111,2025,1,January,Jan,T1,2025-T1,2,2025-S02,6,Saturday,Sat,11,11,1,0,0,Hiver,FY2025,Janvier,0
2025-01-12,20250112,2025,1,January,Jan,T1,2025-T1,2,2025-S02,7,Sunday,Sun,12,12,1,0,0,Hiver,FY2025,Janvier,0
2025-01-13,20250113,2025,1,January,Jan,T1,2025-T1,3,2025-S03,1,Monday,Mon,13,13,0,0,0,Hiver,FY2025,Janvier,1
2025-01-14,20250114,2025,1,January,Jan,T1,2025-T1,3,2025-S03,2,Tuesday,Tue,14,14,0,0,0,Hiver,FY2025,Janvier,1
2025-01-15,20250115,2025,1,January,Jan,T1,2025-T1,3,2025-S03,3,Wednesday,Wed,15,15,0,0,0,Hiver,FY2025,Janvier,1
2025-01-16,20250116,2025,1,January,Jan,T1,2025-T1,3,2025-S03,4,Thursday,Thu,16,16,0,0,0,Hiver,FY2025,Janvier,1
2025-01-17,20250117,2025,1,January,Jan,T1,2025-T1,3,2025-S03,5,Friday,Fri,17,17,0,0,0,Hiver,FY2025,Janvier,1
2025-01-18,20250118,2025,1,January,Jan,T1,2025-T1,3,2025-S03,6,Saturday,Sat,18,18,1,0,0,Hiver,FY2025,Janvier,0
2025-01-19,20250119,2025,1,January,Jan,T1,2025-T1,3,2025-S03,7,Sunday,Sun,19,19,1,0,0,Hiver,FY2025,Janvier,0
2025-01-20,20250120,2025,1,January,Jan,T1,2025-T1,4,2025-S04,1,Monday,Mon,20,20,0,0,0,Hiver,FY2025,Janvier,1
2025-01-21,20250121,2025,1,January,Jan,T1,2025-T1,4,2025-S04,2,Tuesday,Tue,21,21,0,0,0,Hiver,FY2025,Janvier,1
2025-01-22,20250122,2025,1,January,Jan,T1,2025-T1,4,2025-S04,3,Wednesday,Wed,22,22,0,0,0,Hiver,FY2025,Janvier,1
2025-01-23,20250123,2025,1,January,Jan,T1,2025-T1,4,2025-S04,4,Thursday,Thu,23,23,0,0,0,Hiver,FY2025,Janvier,1
2025-01-24,20250124,2025,1,January,Jan,T1,2025-T1,4,2025-S04,5,Friday,Fri,24,24,0,0,0,Hiver,FY2025,Janvier,1
2025-01-25,20250125,2025,1,January,Jan,T1,2025-T1,4,2025-S04,6,Saturday,Sat,25,25,1,0,0,Hiver,FY2025,Janvier,0
2025-01-26,20250126,2025,1,January,Jan,T1,2025-T1,4,2025-S04,7,Sunday,Sun,26,26,1,0,0,Hiver,FY2025,Janvier,0
2025-01-27,20250127,2025,1,January,Jan,T1,2025-T1,5,2025-S05,1,Monday,Mon,27,27,0,0,0,Hiver,FY2025,Janvier,1
2025-01-28,20250128,2025,1,January,Jan,T1,2025-T1,5,2025-S05,2,Tuesday,Tue,28,28,0,0,0,Hiver,FY2025,Janvier,1
2025-01-29,20250129,2025,1,January,Jan,T1,2025-T1,5,2025-S05,3,Wednesday,Wed,29,29,0,0,0,Hiver,FY2025,Janvier,1
2025-01-30,20250130,2025,1,January,Jan,T1,2025-T1,5,2025-S05,4,Thursday,Thu,30,30,0,0,0,Hiver,FY2025,Janvier,1
2025-01-31,20250131,2025,1,January,Jan,T1,2025-T1,5,2025-S05,5,Friday,Fri,31,31,0,0,1,Hiver,FY2025,Janvier,1
2025-02-01,20250201,2025,2,February,Feb,T1,2025-T1,5,2025-S05,6,Saturday,Sat,1,32,1,1,0,Hiver,FY2025,Février,0
2025-02-02,20250202,2025,2,February,Feb,T1,2025-T1,5,2025-S05,7,Sunday,Sun,2,33,1,0,0,Hiver,FY2025,Février,0
2025-02-03,20250203,2025,2,February,Feb,T1,2025-T1,6,2025-S06,1,Monday,Mon,3,34,0,0,0,Hiver,FY2025,Février,1
2025-02-04,20250204,2025,2,February,Feb,T1,2025-T1,6,2025-S06,2,Tuesday,Tue,4,35,0,0,0,Hiver,FY2025,Février,1
2025-02-05,20250205,2025,2,February,Feb,T1,2025-T1,6,2025-S06,3,Wednesday,Wed,5,36,0,0,0,Hiver,FY2025,Février,1
2025-02-06,20250206,2025,2,February,Feb,T1,2025-T1,6,2025-S06,4,Thursday,Thu,6,37,0,0,0,Hiver,FY2025,Février,1
2025-02-07,20250207,2025,2,February,Feb,T1,2025-T1,6,2025-S06,5,Friday,Fri,7,38,0,0,0,Hiver,FY2025,Février,1
2025-02-08,20250208,2025,2,February,Feb,T1,2025-T1,6,2025-S06,6,Saturday,Sat,8,39,1,0,0,Hiver,FY2025,Février,0
2025-02-09,20250209,2025,2,February,Feb,T1,2025-T1,6,2025-S06,7,Sunday,Sun,9,40,1,0,0,Hiver,FY2025,Février,0
2025-02-10,20250210,2025,2,February,Feb,T1,2025-T1,7,2025-S07,1,Monday,Mon,10,41,0,0,0,Hiver,FY2025,Février,1
2025-02-11,20250211,2025,2,February,Feb,T1,2025-T1,7,2025-S07,2,Tuesday,Tue,11,42,0,0,0,Hiver,FY2025,Février,1
2025-02-12,20250212,2025,2,February,Feb,T1,2025-T1,7,2025-S07,3,Wednesday,Wed,12,43,0,0,0,Hiver,FY2025,Février,1
2025-02-13,20250213,2025,2,February,Feb,T1,2025-T1,7,2025-S07,4,Thursday,Thu,13,44,0,0,0,Hiver,FY2025,Février,1
2025-02-14,20250214,2025,2,February,Feb,T1,2025-T1,7,2025-S07,5,Friday,Fri,14,45,0,0,0,Hiver,FY2025,Février,1
2025-02-15,20250215,2025,2,February,Feb,T1,2025-T1,7,2025-S07,6,Saturday,Sat,15,46,1,0,0,Hiver,FY2025,Février,0
2025-02-16,20250216,2025,2,February,Feb,T1,2025-T1,7,2025-S07,7,Sunday,Sun,16,47,1,0,0,Hiver,FY2025,Février,0
2025-02-17,20250217,2025,2,February,Feb,T1,2025-T1,8,2025-S08,1,Monday,Mon,17,48,0,0,0,Hiver,FY2025,Février,1
2025-02-18,20250218,2025,2,February,Feb,T1,2025-T1,8,2025-S08,2,Tuesday,Tue,18,49,0,0,0,Hiver,FY2025,Février,1
2025-02-19,20250219,2025,2,February,Feb,T1,2025-T1,8,2025-S08,3,Wednesday,Wed,19,50,0,0,0,Hiver,FY2025,Février,1
2025-02-20,20250220,2025,2,February,Feb,T1,2025-T1,8,2025-S08,4,Thursday,Thu,20,51,0,0,0,Hiver,FY2025,Février,1
2025-02-21,20250221,2025,2,February,Feb,T1,2025-T1,8,2025-S08,5,Friday,Fri,21,52,0,0,0,Hiver,FY2025,Février,1
2025-02-22,20250222,2025,2,February,Feb,T1,2025-T1,8,2025-S08,6,Saturday,Sat,22,53,1,0,0,Hiver,FY2025,Février,0
2025-02-23,20250223,2025,2,February,Feb,T1,2025-T1,8,2025-S08,7,Sunday,Sun,23,54,1,0,0,Hiver,FY2025,Février,0
2025-02-24,20250224,2025,2,February,Feb,T1,2025-T1,9,2025-S09,1,Monday,Mon,24,55,0,0,0,Hiver,FY2025,Février,1
2025-02-25,20250225,2025,2,February,Feb,T1,2025-T1,9,2025-S09,2,Tuesday,Tue,25,56,0,0,0,Hiver,FY2025,Février,1
2025-02-26,20250226,2025,2,February,Feb,T1,2025-T1,9,2025-S09,3,Wednesday,Wed,26,57,0,0,0,Hiver,FY2025,Février,1
2025-02-27,20250227,2025,2,February,Feb,T1,2025-T1,9,2025-S09,4,Thursday,Thu,27,58,0,0,0,Hiver,FY2025,Février,1
2025-02-28,20250228,2025,2,February,Feb,T1,2025-T1,9,2025-S09,5,Friday,Fri,28,59,0,0,1,Hiver,FY2025,Février,1
2025-03-01,20250301,2025,3,March,Mar,T1,2025-T1,9,2025-S09,6,Saturday,Sat,1,60,1,1,0,Printemps,FY2025,Mars,0
2025-03-02,20250302,2025,3,March,Mar,T1,2025-T1,9,2025-S09,7,Sunday,Sun,2,61,1,0,0,Printemps,FY2025,Mars,0
2025-03-03,20250303,2025,3,March,Mar,T1,2025-T1,10,2025-S10,1,Monday,Mon,3,62,0,0,0,Printemps,FY2025,Mars,1
2025-03-04,20250304,2025,3,March,Mar,T1,2025-T1,10,2025-S10,2,Tuesday,Tue,4,63,0,0,0,Printemps,FY2025,Mars,1
2025-03-05,20250305,2025,3,March,Mar,T1,2025-T1,10,2025-S10,3,Wednesday,Wed,5,64,0,0,0,Printemps,FY2025,Mars,1
2025-03-06,20250306,2025,3,March,Mar,T1,2025-T1,10,2025-S10,4,Thursday,Thu,6,65,0,0,0,Printemps,FY2025,Mars,1
2025-03-07,20250307,2025,3,March,Mar,T1,2025-T1,10,2025-S10,5,Friday,Fri,7,66,0,0,0,Printemps,FY2025,Mars,1
2025-03-08,20250308,2025,3,March,Mar,T1,2025-T1,10,2025-S10,6,Saturday,Sat,8,67,1,0,0,Printemps,FY2025,Mars,0
2025-03-09,20250309,2025,3,March,Mar,T1,2025-T1,10,2025-S10,7,Sunday,Sun,9,68,1,0,0,Printemps,FY2025,Mars,0
2025-03-10,20250310,2025,3,March,Mar,T1,2025-T1,11,2025-S11,1,Monday,Mon,10,69,0,0,0,Printemps,FY2025,Mars,1
2025-03-11,20250311,2025,3,March,Mar,T1,2025-T1,11,2025-S11,2,Tuesday,Tue,11,70,0,0,0,Printemps,FY2025,Mars,1
2025-03-12,20250312,2025,3,March,Mar,T1,2025-T1,11,2025-S11,3,Wednesday,Wed,12,71,0,0,0,Printemps,FY2025,Mars,1
2025-03-13,20250313,2025,3,March,Mar,T1,2025-T1,11,2025-S11,4,Thursday,Thu,13,72,0,0,0,Printemps,FY2025,Mars,1
2025-03-14,20250314,2025,3,March,Mar,T1,2025-T1,11,2025-S11,5,Friday,Fri,14,73,0,0,0,Printemps,FY2025,Mars,1
2025-03-15,20250315,2025,3,March,Mar,T1,2025-T1,11,2025-S11,6,Saturday,Sat,15,74,1,0,0,Printemps,FY2025,Mars,0
2025-03-16,20250316,2025,3,March,Mar,T1,2025-T1,11,2025-S11,7,Sunday,Sun,16,75,1,0,0,Printemps,FY2025,Mars,0
2025-03-17,20250317,2025,3,March,Mar,T1,2025-T1,12,2025-S12,1,Monday,Mon,17,76,0,0,0,Printemps,FY2025,Mars,1
2025-03-18,20250318,2025,3,March,Mar,T1,2025-T1,12,2025-S12,2,Tuesday,Tue,18,77,0,0,0,Printemps,FY2025,Mars,1
2025-03-19,20250319,2025,3,March,Mar,T1,2025-T1,12,2025-S12,3,Wednesday,Wed,19,78,0,0,0,Printemps,FY2025,Mars,1
2025-03-20,20250320,2025,3,March,Mar,T1,2025-T1,12,2025-S12,4,Thursday,Thu,20,79,0,0,0,Printemps,FY2025,Mars,1
2025-03-21,20250321,2025,3,March,Mar,T1,2025-T1,12,2025-S12,5,Friday,Fri,21,80,0,0,0,Printemps,FY2025,Mars,1
2025-03-22,20250322,2025,3,March,Mar,T1,2025-T1,12,2025-S12,6,Saturday,Sat,22,81,1,0,0,Printemps,FY2025,Mars,0
2025-03-23,20250323,2025,3,March,Mar,T1,2025-T1,12,2025-S12,7,Sunday,Sun,23,82,1,0,0,Printemps,FY2025,Mars,0
2025-03-24,20250324,2025,3,March,Mar,T1,2025-T1,13,2025-S13,1,Monday,Mon,24,83,0,0,0,Printemps,FY2025,Mars,1
2025-03-25,20250325,2025,3,March,Mar,T1,2025-T1,13,2025-S13,2,Tuesday,Tue,25,84,0,0,0,Printemps,FY2025,Mars,1
2025-03-26,20250326,2025,3,March,Mar,T1,2025-T1,13,2025-S13,3,Wednesday,Wed,26,85,0,0,0,Printemps,FY2025,Mars,1
2025-03-27,20250327,2025,3,March,Mar,T1,2025-T1,13,2025-S13,4,Thursday,Thu,27,86,0,0,0,Printemps,FY2025,Mars,1
2025-03-28,20250328,2025,3,March,Mar,T1,2025-T1,13,2025-S13,5,Friday,Fri,28,87,0,0,0,Printemps,FY2025,Mars,1
2025-03-29,20250329,2025,3,March,Mar,T1,2025-T1,13,2025-S13,6,Saturday,Sat,29,88,1,0,0,Printemps,FY2025,Mars,0
2025-03-30,20250330,2025,3,March,Mar,T1,2025-T1,13,2025-S13,7,Sunday,Sun,30,89,1,0,0,Printemps,FY2025,Mars,0
2025-03-31,20250331,2025,3,March,Mar,T1,2025-T1,14,2025-S14,1,Monday,Mon,31,90,0,0,1,Printemps,FY2025,Mars,1
2025-04-01,20250401,2025,4,April,Apr,T2,2025-T2,14,2025-S14,2,Tuesday,Tue,1,91,0,1,0,Printemps,FY2025,Avril,1
2025-04-02,20250402,2025,4,April,Apr,T2,2025-T2,14,2025-S14,3,Wednesday,Wed,2,92,0,0,0,Printemps,FY2025,Avril,1
2025-04-03,20250403,2025,4,April,Apr,T2,2025-T2,14,2025-S14,4,Thursday,Thu,3,93,0,0,0,Printemps,FY2025,Avril,1
2025-04-04,20250404,2025,4,April,Apr,T2,2025-T2,14,2025-S14,5,Friday,Fri,4,94,0,0,0,Printemps,FY2025,Avril,1
2025-04-05,20250405,2025,4,April,Apr,T2,2025-T2,14,2025-S14,6,Saturday,Sat,5,95,1,0,0,Printemps,FY2025,Avril,0
2025-04-06,20250406,2025,4,April,Apr,T2,2025-T2,14,2025-S14,7,Sunday,Sun,6,96,1,0,0,Printemps,FY2025,Avril,0
2025-04-07,20250407,2025,4,April,Apr,T2,2025-T2,15,2025-S15,1,Monday,Mon,7,97,0,0,0,Printemps,FY2025,Avril,1
2025-04-08,20250408,2025,4,April,Apr,T2,2025-T2,15,2025-S15,2,Tuesday,Tue,8,98,0,0,0,Printemps,FY2025,Avril,1
2025-04-09,20250409,2025,4,April,Apr,T2,2025-T2,15,2025-S15,3,Wednesday,Wed,9,99,0,0,0,Printemps,FY2025,Avril,1
2025-04-10,20250410,2025,4,April,Apr,T2,2025-T2,15,2025-S15,4,Thursday,Thu,10,100,0,0,0,Printemps,FY2025,Avril,1
2025-04-11,20250411,2025,4,April,Apr,T2,2025-T2,15,2025-S15,5,Friday,Fri,11,101,0,0,0,Printemps,FY2025,Avril,1
2025-04-12,20250412,2025,4,April,Apr,T2,2025-T2,15,2025-S15,6,Saturday,Sat,12,102,1,0,0,Printemps,FY2025,Avril,0
2025-04-13,20250413,2025,4,April,Apr,T2,2025-T2,15,2025-S15,7,Sunday,Sun,13,103,1,0,0,Printemps,FY2025,Avril,0
2025-04-14,20250414,2025,4,April,Apr,T2,2025-T2,16,2025-S16,1,Monday,Mon,14,104,0,0,0,Printemps,FY2025,Avril,1
2025-04-15,20250415,2025,4,April,Apr,T2,2025-T2,16,2025-S16,2,Tuesday,Tue,15,105,0,0,0,Printemps,FY2025,Avril,1
2025-04-16,20250416,2025,4,April,Apr,T2,2025-T2,16,2025-S16,3,Wednesday,Wed,16,106,0,0,0,Printemps,FY2025,Avril,1
2025-04-17,20250417,2025,4,April,Apr,T2,2025-T2,16,2025-S16,4,Thursday,Thu,17,107,0,0,0,Printemps,FY2025,Avril,1
2025-04-18,20250418,2025,4,April,Apr,T2,2025-T2,16,2025-S16,5,Friday,Fri,18,108,0,0,0,Printemps,FY2025,Avril,1
2025-04-19,20250419,2025,4,April,Apr,T2,2025-T2,16,2025-S16,6,Saturday,Sat,19,109,1,0,0,Printemps,FY2025,Avril,0
2025-04-20,20250420,2025,4,April,Apr,T2,2025-T2,16,2025-S16,7,Sunday,Sun,20,110,1,0,0,Printemps,FY2025,Avril,0
2025-04-21,20250421,2025,4,April,Apr,T2,2025-T2,17,2025-S17,1,Monday,Mon,21,111,0,0,0,Printemps,FY2025,Avril,1
2025-04-22,20250422,2025,4,April,Apr,T2,2025-T2,17,2025-S17,2,Tuesday,Tue,22,112,0,0,0,Printemps,FY2025,Avril,1
2025-04-23,20250423,2025,4,April,Apr,T2,2025-T2,17,2025-S17,3,Wednesday,Wed,23,113,0,0,0,Printemps,FY2025,Avril,1
2025-04-24,20250424,2025,4,April,Apr,T2,2025-T2,17,2025-S17,4,Thursday,Thu,24,114,0,0,0,Printemps,FY2025,Avril,1
2025-04-25,20250425,2025,4,April,Apr,T2,2025-T2,17,2025-S17,5,Friday,Fri,25,115,0,0,0,Printemps,FY2025,Avril,1
2025-04-26,20250426,2025,4,April,Apr,T2,2025-T2,17,2025-S17,6,Saturday,Sat,26,116,1,0,0,Printemps,FY2025,Avril,0
2025-04-27,20250427,2025,4,April,Apr,T2,2025-T2,17,2025-S17,7,Sunday,Sun,27,117,1,0,0,Printemps,FY2025,Avril,0
2025-04-28,20250428,2025,4,April,Apr,T2,2025-T2,18,2025-S18,1,Monday,Mon,28,118,0,0,0,Printemps,FY2025,Avril,1
2025-04-29,20250429,2025,4,April,Apr,T2,2025-T2,18,2025-S18,2,Tuesday,Tue,29,119,0,0,0,Printemps,FY2025,Avril,1
2025-04-30,20250430,2025,4,April,Apr,T2,2025-T2,18,2025-S18,3,Wednesday,Wed,30,120,0,0,1,Printemps,FY2025,Avril,1
2025-05-01,20250501,2025,5,May,May,T2,2025-T2,18,2025-S18,4,Thursday,Thu,1,121,0,1,0,Printemps,FY2025,Mai,1
2025-05-02,20250502,2025,5,May,May,T2,2025-T2,18,2025-S18,5,Friday,Fri,2,122,0,0,0,Printemps,FY2025,Mai,1
2025-05-03,20250503,2025,5,May,May,T2,2025-T2,18,2025-S18,6,Saturday,Sat,3,123,1,0,0,Printemps,FY2025,Mai,0
2025-05-04,20250504,2025,5,May,May,T2,2025-T2,18,2025-S18,7,Sunday,Sun,4,124,1,0,0,Printemps,FY2025,Mai,0
2025-05-05,20250505,2025,5,May,May,T2,2025-T2,19,2025-S19,1,Monday,Mon,5,125,0,0,0,Printemps,FY2025,Mai,1
2025-05-06,20250506,2025,5,May,May,T2,2025-T2,19,2025-S19,2,Tuesday,Tue,6,126,0,0,0,Printemps,FY2025,Mai,1
2025-05-07,20250507,2025,5,May,May,T2,2025-T2,19,2025-S19,3,Wednesday,Wed,7,127,0,0,0,Printemps,FY2025,Mai,1
2025-05-08,20250508,2025,5,May,May,T2,2025-T2,19,2025-S19,4,Thursday,Thu,8,128,0,0,0,Printemps,FY2025,Mai,1
2025-05-09,20250509,2025,5,May,May,T2,2025-T2,19,2025-S19,5,Friday,Fri,9,129,0,0,0,Printemps,FY2025,Mai,1
2025-05-10,20250510,2025,5,May,May,T2,2025-T2,19,2025-S19,6,Saturday,Sat,10,130,1,0,0,Printemps,FY2025,Mai,0
2025-05-11,20250511,2025,5,May,May,T2,2025-T2,19,2025-S19,7,Sunday,Sun,11,131,1,0,0,Printemps,FY2025,Mai,0
2025-05-12,20250512,2025,5,May,May,T2,2025-T2,20,2025-S20,1,Monday,Mon,12,132,0,0,0,Printemps,FY2025,Mai,1
2025-05-13,20250513,2025,5,May,May,T2,2025-T2,20,2025-S20,2,Tuesday,Tue,13,133,0,0,0,Printemps,FY2025,Mai,1
2025-05-14,20250514,2025,5,May,May,T2,2025-T2,20,2025-S20,3,Wednesday,Wed,14,134,0,0,0,Printemps,FY2025,Mai,1
2025-05-15,20250515,2025,5,May,May,T2,2025-T2,20,2025-S20,4,Thursday,Thu,15,135,0,0,0,Printemps,FY2025,Mai,1
2025-05-16,20250516,2025,5,May,May,T2,2025-T2,20,2025-S20,5,Friday,Fri,16,136,0,0,0,Printemps,FY2025,Mai,1
2025-05-17,20250517,2025,5,May,May,T2,2025-T2,20,2025-S20,6,Saturday,Sat,17,137,1,0,0,Printemps,FY2025,Mai,0
2025-05-18,20250518,2025,5,May,May,T2,2025-T2,20,2025-S20,7,Sunday,Sun,18,138,1,0,0,Printemps,FY2025,Mai,0
2025-05-19,20250519,2025,5,May,May,T2,2025-T2,21,2025-S21,1,Monday,Mon,19,139,0,0,0,Printemps,FY2025,Mai,1
2025-05-20,20250520,2025,5,May,May,T2,2025-T2,21,2025-S21,2,Tuesday,Tue,20,140,0,0,0,Printemps,FY2025,Mai,1
2025-05-21,20250521,2025,5,May,May,T2,2025-T2,21,2025-S21,3,Wednesday,Wed,21,141,0,0,0,Printemps,FY2025,Mai,1
2025-05-22,20250522,2025,5,May,May,T2,2025-T2,21,2025-S21,4,Thursday,Thu,22,142,0,0,0,Printemps,FY2025,Mai,1
2025-05-23,20250523,2025,5,May,May,T2,2025-T2,21,2025-S21,5,Friday,Fri,23,143,0,0,0,Printemps,FY2025,Mai,1
2025-05-24,20250524,2025,5,May,May,T2,2025-T2,21,2025-S21,6,Saturday,Sat,24,144,1,0,0,Printemps,FY2025,Mai,0
2025-05-25,20250525,2025,5,May,May,T2,2025-T2,21,2025-S21,7,Sunday,Sun,25,145,1,0,0,Printemps,FY2025,Mai,0
2025-05-26,20250526,2025,5,May,May,T2,2025-T2,22,2025-S22,1,Monday,Mon,26,146,0,0,0,Printemps,FY2025,Mai,1
2025-05-27,20250527,2025,5,May,May,T2,2025-T2,22,2025-S22,2,Tuesday,Tue,27,147,0,0,0,Printemps,FY2025,Mai,1
2025-05-28,20250528,2025,5,May,May,T2,2025-T2,22,2025-S22,3,Wednesday,Wed,28,148,0,0,0,Printemps,FY2025,Mai,1
2025-05-29,20250529,2025,5,May,May,T2,2025-T2,22,2025-S22,4,Thursday,Thu,29,149,0,0,0,Printemps,FY2025,Mai,1
2025-05-30,20250530,2025,5,May,May,T2,2025-T2,22,2025-S22,5,Friday,Fri,30,150,0,0,0,Printemps,FY2025,Mai,1
2025-05-31,20250531,2025,5,May,May,T2,2025-T2,22,2025-S22,6,Saturday,Sat,31,151,1,0,1,Printemps,FY2025,Mai,0
2025-06-01,20250601,2025,6,June,Jun,T2,2025-T2,22,2025-S22,7,Sunday,Sun,1,152,1,1,0,Été,FY2025,Juin,0
2025-06-02,20250602,2025,6,June,Jun,T2,2025-T2,23,2025-S23,1,Monday,Mon,2,153,0,0,0,Été,FY2025,Juin,1
2025-06-03,20250603,2025,6,June,Jun,T2,2025-T2,23,2025-S23,2,Tuesday,Tue,3,154,0,0,0,Été,FY2025,Juin,1
2025-06-04,20250604,2025,6,June,Jun,T2,2025-T2,23,2025-S23,3,Wednesday,Wed,4,155,0,0,0,Été,FY2025,Juin,1
2025-06-05,20250605,2025,6,June,Jun,T2,2025-T2,23,2025-S23,4,Thursday,Thu,5,156,0,0,0,Été,FY2025,Juin,1
2025-06-06,20250606,2025,6,June,Jun,T2,2025-T2,23,2025-S23,5,Friday,Fri,6,157,0,0,0,Été,FY2025,Juin,1
2025-06-07,20250607,2025,6,June,Jun,T2,2025-T2,23,2025-S23,6,Saturday,Sat,7,158,1,0,0,Été,FY2025,Juin,0
2025-06-08,20250608,2025,6,June,Jun,T2,2025-T2,23,2025-S23,7,Sunday,Sun,8,159,1,0,0,Été,FY2025,Juin,0
2025-06-09,20250609,2025,6,June,Jun,T2,2025-T2,24,2025-S24,1,Monday,Mon,9,160,0,0,0,Été,FY2025,Juin,1
2025-06-10,20250610,2025,6,June,Jun,T2,2025-T2,24,2025-S24,2,Tuesday,Tue,10,161,0,0,0,Été,FY2025,Juin,1
2025-06-11,20250611,2025,6,June,Jun,T2,2025-T2,24,2025-S24,3,Wednesday,Wed,11,162,0,0,0,Été,FY2025,Juin,1
2025-06-12,20250612,2025,6,June,Jun,T2,2025-T2,24,2025-S24,4,Thursday,Thu,12,163,0,0,0,Été,FY2025,Juin,1
2025-06-13,20250613,2025,6,June,Jun,T2,2025-T2,24,2025-S24,5,Friday,Fri,13,164,0,0,0,Été,FY2025,Juin,1
2025-06-14,20250614,2025,6,June,Jun,T2,2025-T2,24,2025-S24,6,Saturday,Sat,14,165,1,0,0,Été,FY2025,Juin,0
2025-06-15,20250615,2025,6,June,Jun,T2,2025-T2,24,2025-S24,7,Sunday,Sun,15,166,1,0,0,Été,FY2025,Juin,0
2025-06-16,20250616,2025,6,June,Jun,T2,2025-T2,25,2025-S25,1,Monday,Mon,16,167,0,0,0,Été,FY2025,Juin,1
2025-06-17,20250617,2025,6,June,Jun,T2,2025-T2,25,2025-S25,2,Tuesday,Tue,17,168,0,0,0,Été,FY2025,Juin,1
2025-06-18,20250618,2025,6,June,Jun,T2,2025-T2,25,2025-S25,3,Wednesday,Wed,18,169,0,0,0,Été,FY2025,Juin,1
2025-06-19,20250619,2025,6,June,Jun,T2,2025-T2,25,2025-S25,4,Thursday,Thu,19,170,0,0,0,Été,FY2025,Juin,1
2025-06-20,20250620,2025,6,June,Jun,T2,2025-T2,25,2025-S25,5,Friday,Fri,20,171,0,0,0,Été,FY2025,Juin,1
2025-06-21,20250621,2025,6,June,Jun,T2,2025-T2,25,2025-S25,6,Saturday,Sat,21,172,1,0,0,Été,FY2025,Juin,0
2025-06-22,20250622,2025,6,June,Jun,T2,2025-T2,25,2025-S25,7,Sunday,Sun,22,173,1,0,0,Été,FY2025,Juin,0
2025-06-23,20250623,2025,6,June,Jun,T2,2025-T2,26,2025-S26,1,Monday,Mon,23,174,0,0,0,Été,FY2025,Juin,1
2025-06-24,20250624,2025,6,June,Jun,T2,2025-T2,26,2025-S26,2,Tuesday,Tue,24,175,0,0,0,Été,FY2025,Juin,1
2025-06-25,20250625,2025,6,June,Jun,T2,2025-T2,26,2025-S26,3,Wednesday,Wed,25,176,0,0,0,Été,FY2025,Juin,1
2025-06-26,20250626,2025,6,June,Jun,T2,2025-T2,26,2025-S26,4,Thursday,Thu,26,177,0,0,0,Été,FY2025,Juin,1
2025-06-27,20250627,2025,6,June,Jun,T2,2025-T2,26,2025-S26,5,Friday,Fri,27,178,0,0,0,Été,FY2025,Juin,1
2025-06-28,20250628,2025,6,June,Jun,T2,2025-T2,26,2025-S26,6,Saturday,Sat,28,179,1,0,0,Été,FY2025,Juin,0
2025-06-29,20250629,2025,6,June,Jun,T2,2025-T2,26,2025-S26,7,Sunday,Sun,29,180,1,0,0,Été,FY2025,Juin,0
2025-06-30,20250630,2025,6,June,Jun,T2,2025-T2,27,2025-S27,1,Monday,Mon,30,181,0,0,1,Été,FY2025,Juin,1
2025-07-01,20250701,2025,7,July,Jul,T3,2025-T3,27,2025-S27,2,Tuesday,Tue,1,182,0,1,0,Été,FY2026,Juillet,1
2025-07-02,20250702,2025,7,July,Jul,T3,2025-T3,27,2025-S27,3,Wednesday,Wed,2,183,0,0,0,Été,FY2026,Juillet,1
2025-07-03,20250703,2025,7,July,Jul,T3,2025-T3,27,2025-S27,4,Thursday,Thu,3,184,0,0,0,Été,FY2026,Juillet,1
2025-07-04,20250704,2025,7,July,Jul,T3,2025-T3,27,2025-S27,5,Friday,Fri,4,185,0,0,0,Été,FY2026,Juillet,1
2025-07-05,20250705,2025,7,July,Jul,T3,2025-T3,27,2025-S27,6,Saturday,Sat,5,186,1,0,0,Été,FY2026,Juillet,0
2025-07-06,20250706,2025,7,July,Jul,T3,2025-T3,27,2025-S27,7,Sunday,Sun,6,187,1,0,0,Été,FY2026,Juillet,0
2025-07-07,20250707,2025,7,July,Jul,T3,2025-T3,28,2025-S28,1,Monday,Mon,7,188,0,0,0,Été,FY2026,Juillet,1
2025-07-08,20250708,2025,7,July,Jul,T3,2025-T3,28,2025-S28,2,Tuesday,Tue,8,189,0,0,0,Été,FY2026,Juillet,1
2025-07-09,20250709,2025,7,July,Jul,T3,2025-T3,28,2025-S28,3,Wednesday,Wed,9,190,0,0,0,Été,FY2026,Juillet,1
2025-07-10,20250710,2025,7,July,Jul,T3,2025-T3,28,2025-S28,4,Thursday,Thu,10,191,0,0,0,Été,FY2026,Juillet,1
2025-07-11,20250711,2025,7,July,Jul,T3,2025-T3,28,2025-S28,5,Friday,Fri,11,192,0,0,0,Été,FY2026,Juillet,1
2025-07-12,20250712,2025,7,July,Jul,T3,2025-T3,28,2025-S28,6,Saturday,Sat,12,193,1,0,0,Été,FY2026,Juillet,0
2025-07-13,20250713,2025,7,July,Jul,T3,2025-T3,28,2025-S28,7,Sunday,Sun,13,194,1,0,0,Été,FY2026,Juillet,0
2025-07-14,20250714,2025,7,July,Jul,T3,2025-T3,29,2025-S29,1,Monday,Mon,14,195,0,0,0,Été,FY2026,Juillet,1
2025-07-15,20250715,2025,7,July,Jul,T3,2025-T3,29,2025-S29,2,Tuesday,Tue,15,196,0,0,0,Été,FY2026,Juillet,1
2025-07-16,20250716,2025,7,July,Jul,T3,2025-T3,29,2025-S29,3,Wednesday,Wed,16,197,0,0,0,Été,FY2026,Juillet,1
2025-07-17,20250717,2025,7,July,Jul,T3,2025-T3,29,2025-S29,4,Thursday,Thu,17,198,0,0,0,Été,FY2026,Juillet,1
2025-07-18,20250718,2025,7,July,Jul,T3,2025-T3,29,2025-S29,5,Friday,Fri,18,199,0,0,0,Été,FY2026,Juillet,1
2025-07-19,20250719,2025,7,July,Jul,T3,2025-T3,29,2025-S29,6,Saturday,Sat,19,200,1,0,0,Été,FY2026,Juillet,0
2025-07-20,20250720,2025,7,July,Jul,T3,2025-T3,29,2025-S29,7,Sunday,Sun,20,201,1,0,0,Été,FY2026,Juillet,0
2025-07-21,20250721,2025,7,July,Jul,T3,2025-T3,30,2025-S30,1,Monday,Mon,21,202,0,0,0,Été,FY2026,Juillet,1
2025-07-22,20250722,2025,7,July,Jul,T3,2025-T3,30,2025-S30,2,Tuesday,Tue,22,203,0,0,0,Été,FY2026,Juillet,1
2025-07-23,20250723,2025,7,July,Jul,T3,2025-T3,30,2025-S30,3,Wednesday,Wed,23,204,0,0,0,Été,FY2026,Juillet,1
2025-07-24,20250724,2025,7,July,Jul,T3,2025-T3,30,2025-S30,4,Thursday,Thu,24,205,0,0,0,Été,FY2026,Juillet,1
2025-07-25,20250725,2025,7,July,Jul,T3,2025-T3,30,2025-S30,5,Friday,Fri,25,206,0,0,0,Été,FY2026,Juillet,1
2025-07-26,20250726,2025,7,July,Jul,T3,2025-T3,30,2025-S30,6,Saturday,Sat,26,207,1,0,0,Été,FY2026,Juillet,0
2025-07-27,20250727,2025,7,July,Jul,T3,2025-T3,30,2025-S30,7,Sunday,Sun,27,208,1,0,0,Été,FY2026,Juillet,0
2025-07-28,20250728,2025,7,July,Jul,T3,2025-T3,31,2025-S31,1,Monday,Mon,28,209,0,0,0,Été,FY2026,Juillet,1
2025-07-29,20250729,2025,7,July,Jul,T3,2025-T3,31,2025-S31,2,Tuesday,Tue,29,210,0,0,0,Été,FY2026,Juillet,1
2025-07-30,20250730,2025,7,July,Jul,T3,2025-T3,31,2025-S31,3,Wednesday,Wed,30,211,0,0,0,Été,FY2026,Juillet,1
2025-07-31,20250731,2025,7,July,Jul,T3,2025-T3,31,2025-S31,4,Thursday,Thu,31,212,0,0,1,Été,FY2026,Juillet,1
2025-08-01,20250801,2025,8,August,Aug,T3,2025-T3,31,2025-S31,5,Friday,Fri,1,213,0,1,0,Été,FY2026,Août,1
2025-08-02,20250802,2025,8,August,Aug,T3,2025-T3,31,2025-S31,6,Saturday,Sat,2,214,1,0,0,Été,FY2026,Août,0
2025-08-03,20250803,2025,8,August,Aug,T3,2025-T3,31,2025-S31,7,Sunday,Sun,3,215,1,0,0,Été,FY2026,Août,0
2025-08-04,20250804,2025,8,August,Aug,T3,2025-T3,32,2025-S32,1,Monday,Mon,4,216,0,0,0,Été,FY2026,Août,1
2025-08-05,20250805,2025,8,August,Aug,T3,2025-T3,32,2025-S32,2,Tuesday,Tue,5,217,0,0,0,Été,FY2026,Août,1
2025-08-06,20250806,2025,8,August,Aug,T3,2025-T3,32,2025-S32,3,Wednesday,Wed,6,218,0,0,0,Été,FY2026,Août,1
2025-08-07,20250807,2025,8,August,Aug,T3,2025-T3,32,2025-S32,4,Thursday,Thu,7,219,0,0,0,Été,FY2026,Août,1
2025-08-08,20250808,2025,8,August,Aug,T3,2025-T3,32,2025-S32,5,Friday,Fri,8,220,0,0,0,Été,FY2026,Août,1
2025-08-09,20250809,2025,8,August,Aug,T3,2025-T3,32,2025-S32,6,Saturday,Sat,9,221,1,0,0,Été,FY2026,Août,0
2025-08-10,20250810,2025,8,August,Aug,T3,2025-T3,32,2025-S32,7,Sunday,Sun,10,222,1,0,0,Été,FY2026,Août,0
2025-08-11,20250811,2025,8,August,Aug,T3,2025-T3,33,2025-S33,1,Monday,Mon,11,223,0,0,0,Été,FY2026,Août,1
2025-08-12,20250812,2025,8,August,Aug,T3,2025-T3,33,2025-S33,2,Tuesday,Tue,12,224,0,0,0,Été,FY2026,Août,1
2025-08-13,20250813,2025,8,August,Aug,T3,2025-T3,33,2025-S33,3,Wednesday,Wed,13,225,0,0,0,Été,FY2026,Août,1
2025-08-14,20250814,2025,8,August,Aug,T3,2025-T3,33,2025-S33,4,Thursday,Thu,14,226,0,0,0,Été,FY2026,Août,1
2025-08-15,20250815,2025,8,August,Aug,T3,2025-T3,33,2025-S33,5,Friday,Fri,15,227,0,0,0,Été,FY2026,Août,1
2025-08-16,20250816,2025,8,August,Aug,T3,2025-T3,33,2025-S33,6,Saturday,Sat,16,228,1,0,0,Été,FY2026,Août,0
2025-08-17,20250817,2025,8,August,Aug,T3,2025-T3,33,2025-S33,7,Sunday,Sun,17,229,1,0,0,Été,FY2026,Août,0
2025-08-18,20250818,2025,8,August,Aug,T3,2025-T3,34,2025-S34,1,Monday,Mon,18,230,0,0,0,Été,FY2026,Août,1
2025-08-19,20250819,2025,8,August,Aug,T3,2025-T3,34,2025-S34,2,Tuesday,Tue,19,231,0,0,0,Été,FY2026,Août,1
2025-08-20,20250820,2025,8,August,Aug,T3,2025-T3,34,2025-S34,3,Wednesday,Wed,20,232,0,0,0,Été,FY2026,Août,1
2025-08-21,20250821,2025,8,August,Aug,T3,2025-T3,34,2025-S34,4,Thursday,Thu,21,233,0,0,0,Été,FY2026,Août,1
2025-08-22,20250822,2025,8,August,Aug,T3,2025-T3,34,2025-S34,5,Friday,Fri,22,234,0,0,0,Été,FY2026,Août,1
2025-08-23,20250823,2025,8,August,Aug,T3,2025-T3,34,2025-S34,6,Saturday,Sat,23,235,1,0,0,Été,FY2026,Août,0
2025-08-24,20250824,2025,8,August,Aug,T3,2025-T3,34,2025-S34,7,Sunday,Sun,24,236,1,0,0,Été,FY2026,Août,0
2025-08-25,20250825,2025,8,August,Aug,T3,2025-T3,35,2025-S35,1,Monday,Mon,25,237,0,0,0,Été,FY2026,Août,1
2025-08-26,20250826,2025,8,August,Aug,T3,2025-T3,35,2025-S35,2,Tuesday,Tue,26,238,0,0,0,Été,FY2026,Août,1
2025-08-27,20250827,2025,8,August,Aug,T3,2025-T3,35,2025-S35,3,Wednesday,Wed,27,239,0,0,0,Été,FY2026,Août,1
2025-08-28,20250828,2025,8,August,Aug,T3,2025-T3,35,2025-S35,4,Thursday,Thu,28,240,0,0,0,Été,FY2026,Août,1
2025-08-29,20250829,2025,8,August,Aug,T3,2025-T3,35,2025-S35,5,Friday,Fri,29,241,0,0,0,Été,FY2026,Août,1
2025-08-30,20250830,2025,8,August,Aug,T3,2025-T3,35,2025-S35,6,Saturday,Sat,30,242,1,0,0,Été,FY2026,Août,0
2025-08-31,20250831,2025,8,August,Aug,T3,2025-T3,35,2025-S35,7,Sunday,Sun,31,243,1,0,1,Été,FY2026,Août,0
2025-09-01,20250901,2025,9,September,Sep,T3,2025-T3,36,2025-S36,1,Monday,Mon,1,244,0,1,0,Automne,FY2026,Septembre,1
2025-09-02,20250902,2025,9,September,Sep,T3,2025-T3,36,2025-S36,2,Tuesday,Tue,2,245,0,0,0,Automne,FY2026,Septembre,1
2025-09-03,20250903,2025,9,September,Sep,T3,2025-T3,36,2025-S36,3,Wednesday,Wed,3,246,0,0,0,Automne,FY2026,Septembre,1
2025-09-04,20250904,2025,9,September,Sep,T3,2025-T3,36,2025-S36,4,Thursday,Thu,4,247,0,0,0,Automne,FY2026,Septembre,1
2025-09-05,20250905,2025,9,September,Sep,T3,2025-T3,36,2025-S36,5,Friday,Fri,5,248,0,0,0,Automne,FY2026,Septembre,1
2025-09-06,20250906,2025,9,September,Sep,T3,2025-T3,36,2025-S36,6,Saturday,Sat,6,249,1,0,0,Automne,FY2026,Septembre,0
2025-09-07,20250907,2025,9,September,Sep,T3,2025-T3,36,2025-S36,7,Sunday,Sun,7,250,1,0,0,Automne,FY2026,Septembre,0
2025-09-08,20250908,2025,9,September,Sep,T3,2025-T3,37,2025-S37,1,Monday,Mon,8,251,0,0,0,Automne,FY2026,Septembre,1
2025-09-09,20250909,2025,9,September,Sep,T3,2025-T3,37,2025-S37,2,Tuesday,Tue,9,252,0,0,0,Automne,FY2026,Septembre,1
2025-09-10,20250910,2025,9,September,Sep,T3,2025-T3,37,2025-S37,3,Wednesday,Wed,10,253,0,0,0,Automne,FY2026,Septembre,1
2025-09-11,20250911,2025,9,September,Sep,T3,2025-T3,37,2025-S37,4,Thursday,Thu,11,254,0,0,0,Automne,FY2026,Septembre,1
2025-09-12,20250912,2025,9,September,Sep,T3,2025-T3,37,2025-S37,5,Friday,Fri,12,255,0,0,0,Automne,FY2026,Septembre,1
2025-09-13,20250913,2025,9,September,Sep,T3,2025-T3,37,2025-S37,6,Saturday,Sat,13,256,1,0,0,Automne,FY2026,Septembre,0
2025-09-14,20250914,2025,9,September,Sep,T3,2025-T3,37,2025-S37,7,Sunday,Sun,14,257,1,0,0,Automne,FY2026,Septembre,0
2025-09-15,20250915,2025,9,September,Sep,T3,2025-T3,38,2025-S38,1,Monday,Mon,15,258,0,0,0,Automne,FY2026,Septembre,1
2025-09-16,20250916,2025,9,September,Sep,T3,2025-T3,38,2025-S38,2,Tuesday,Tue,16,259,0,0,0,Automne,FY2026,Septembre,1
2025-09-17,20250917,2025,9,September,Sep,T3,2025-T3,38,2025-S38,3,Wednesday,Wed,17,260,0,0,0,Automne,FY2026,Septembre,1
2025-09-18,20250918,2025,9,September,Sep,T3,2025-T3,38,2025-S38,4,Thursday,Thu,18,261,0,0,0,Automne,FY2026,Septembre,1
2025-09-19,20250919,2025,9,September,Sep,T3,2025-T3,38,2025-S38,5,Friday,Fri,19,262,0,0,0,Automne,FY2026,Septembre,1
2025-09-20,20250920,2025,9,September,Sep,T3,2025-T3,38,2025-S38,6,Saturday,Sat,20,263,1,0,0,Automne,FY2026,Septembre,0
2025-09-21,20250921,2025,9,September,Sep,T3,2025-T3,38,2025-S38,7,Sunday,Sun,21,264,1,0,0,Automne,FY2026,Septembre,0
2025-09-22,20250922,2025,9,September,Sep,T3,2025-T3,39,2025-S39,1,Monday,Mon,22,265,0,0,0,Automne,FY2026,Septembre,1
2025-09-23,20250923,2025,9,September,Sep,T3,2025-T3,39,2025-S39,2,Tuesday,Tue,23,266,0,0,0,Automne,FY2026,Septembre,1
2025-09-24,20250924,2025,9,September,Sep,T3,2025-T3,39,2025-S39,3,Wednesday,Wed,24,267,0,0,0,Automne,FY2026,Septembre,1
2025-09-25,20250925,2025,9,September,Sep,T3,2025-T3,39,2025-S39,4,Thursday,Thu,25,268,0,0,0,Automne,FY2026,Septembre,1
2025-09-26,20250926,2025,9,September,Sep,T3,2025-T3,39,2025-S39,5,Friday,Fri,26,269,0,0,0,Automne,FY2026,Septembre,1
2025-09-27,20250927,2025,9,September,Sep,T3,2025-T3,39,2025-S39,6,Saturday,Sat,27,270,1,0,0,Automne,FY2026,Septembre,0
2025-09-28,20250928,2025,9,September,Sep,T3,2025-T3,39,2025-S39,7,Sunday,Sun,28,271,1,0,0,Automne,FY2026,Septembre,0
2025-09-29,20250929,2025,9,September,Sep,T3,2025-T3,40,2025-S40,1,Monday,Mon,29,272,0,0,0,Automne,FY2026,Septembre,1
2025-09-30,20250930,2025,9,September,Sep,T3,2025-T3,40,2025-S40,2,Tuesday,Tue,30,273,0,0,1,Automne,FY2026,Septembre,1
2025-10-01,20251001,2025,10,October,Oct,T4,2025-T4,40,2025-S40,3,Wednesday,Wed,1,274,0,1,0,Automne,FY2026,Octobre,1
2025-10-02,20251002,2025,10,October,Oct,T4,2025-T4,40,2025-S40,4,Thursday,Thu,2,275,0,0,0,Automne,FY2026,Octobre,1
2025-10-03,20251003,2025,10,October,Oct,T4,2025-T4,40,2025-S40,5,Friday,Fri,3,276,0,0,0,Automne,FY2026,Octobre,1
2025-10-04,20251004,2025,10,October,Oct,T4,2025-T4,40,2025-S40,6,Saturday,Sat,4,277,1,0,0,Automne,FY2026,Octobre,0
2025-10-05,20251005,2025,10,October,Oct,T4,2025-T4,40,2025-S40,7,Sunday,Sun,5,278,1,0,0,Automne,FY2026,Octobre,0
2025-10-06,20251006,2025,10,October,Oct,T4,2025-T4,41,2025-S41,1,Monday,Mon,6,279,0,0,0,Automne,FY2026,Octobre,1
2025-10-07,20251007,2025,10,October,Oct,T4,2025-T4,41,2025-S41,2,Tuesday,Tue,7,280,0,0,0,Automne,FY2026,Octobre,1
2025-10-08,20251008,2025,10,October,Oct,T4,2025-T4,41,2025-S41,3,Wednesday,Wed,8,281,0,0,0,Automne,FY2026,Octobre,1
2025-10-09,20251009,2025,10,October,Oct,T4,2025-T4,41,2025-S41,4,Thursday,Thu,9,282,0,0,0,Automne,FY2026,Octobre,1
2025-10-10,20251010,2025,10,October,Oct,T4,2025-T4,41,2025-S41,5,Friday,Fri,10,283,0,0,0,Automne,FY2026,Octobre,1
2025-10-11,20251011,2025,10,October,Oct,T4,2025-T4,41,2025-S41,6,Saturday,Sat,11,284,1,0,0,Automne,FY2026,Octobre,0
2025-10-12,20251012,2025,10,October,Oct,T4,2025-T4,41,2025-S41,7,Sunday,Sun,12,285,1,0,0,Automne,FY2026,Octobre,0
2025-10-13,20251013,2025,10,October,Oct,T4,2025-T4,42,2025-S42,1,Monday,Mon,13,286,0,0,0,Automne,FY2026,Octobre,1
2025-10-14,20251014,2025,10,October,Oct,T4,2025-T4,42,2025-S42,2,Tuesday,Tue,14,287,0,0,0,Automne,FY2026,Octobre,1
2025-10-15,20251015,2025,10,October,Oct,T4,2025-T4,42,2025-S42,3,Wednesday,Wed,15,288,0,0,0,Automne,FY2026,Octobre,1
2025-10-16,20251016,2025,10,October,Oct,T4,2025-T4,42,2025-S42,4,Thursday,Thu,16,289,0,0,0,Automne,FY2026,Octobre,1
2025-10-17,20251017,2025,10,October,Oct,T4,2025-T4,42,2025-S42,5,Friday,Fri,17,290,0,0,0,Automne,FY2026,Octobre,1
2025-10-18,20251018,2025,10,October,Oct,T4,2025-T4,42,2025-S42,6,Saturday,Sat,18,291,1,0,0,Automne,FY2026,Octobre,0
2025-10-19,20251019,2025,10,October,Oct,T4,2025-T4,42,2025-S42,7,Sunday,Sun,19,292,1,0,0,Automne,FY2026,Octobre,0
2025-10-20,20251020,2025,10,October,Oct,T4,2025-T4,43,2025-S43,1,Monday,Mon,20,293,0,0,0,Automne,FY2026,Octobre,1
2025-10-21,20251021,2025,10,October,Oct,T4,2025-T4,43,2025-S43,2,Tuesday,Tue,21,294,0,0,0,Automne,FY2026,Octobre,1
2025-10-22,20251022,2025,10,October,Oct,T4,2025-T4,43,2025-S43,3,Wednesday,Wed,22,295,0,0,0,Automne,FY2026,Octobre,1
2025-10-23,20251023,2025,10,October,Oct,T4,2025-T4,43,2025-S43,4,Thursday,Thu,23,296,0,0,0,Automne,FY2026,Octobre,1
2025-10-24,20251024,2025,10,October,Oct,T4,2025-T4,43,2025-S43,5,Friday,Fri,24,297,0,0,0,Automne,FY2026,Octobre,1
2025-10-25,20251025,2025,10,October,Oct,T4,2025-T4,43,2025-S43,6,Saturday,Sat,25,298,1,0,0,Automne,FY2026,Octobre,0
2025-10-26,20251026,2025,10,October,Oct,T4,2025-T4,43,2025-S43,7,Sunday,Sun,26,299,1,0,0,Automne,FY2026,Octobre,0
2025-10-27,20251027,2025,10,October,Oct,T4,2025-T4,44,2025-S44,1,Monday,Mon,27,300,0,0,0,Automne,FY2026,Octobre,1
2025-10-28,20251028,2025,10,October,Oct,T4,2025-T4,44,2025-S44,2,Tuesday,Tue,28,301,0,0,0,Automne,FY2026,Octobre,1
2025-10-29,20251029,2025,10,October,Oct,T4,2025-T4,44,2025-S44,3,Wednesday,Wed,29,302,0,0,0,Automne,FY2026,Octobre,1
2025-10-30,20251030,2025,10,October,Oct,T4,2025-T4,44,2025-S44,4,Thursday,Thu,30,303,0,0,0,Automne,FY2026,Octobre,1
2025-10-31,20251031,2025,10,October,Oct,T4,2025-T4,44,2025-S44,5,Friday,Fri,31,304,0,0,1,Automne,FY2026,Octobre,1
2025-11-01,20251101,2025,11,November,Nov,T4,2025-T4,44,2025-S44,6,Saturday,Sat,1,305,1,1,0,Automne,FY2026,Novembre,0
2025-11-02,20251102,2025,11,November,Nov,T4,2025-T4,44,2025-S44,7,Sunday,Sun,2,306,1,0,0,Automne,FY2026,Novembre,0
2025-11-03,20251103,2025,11,November,Nov,T4,2025-T4,45,2025-S45,1,Monday,Mon,3,307,0,0,0,Automne,FY2026,Novembre,1
2025-11-04,20251104,2025,11,November,Nov,T4,2025-T4,45,2025-S45,2,Tuesday,Tue,4,308,0,0,0,Automne,FY2026,Novembre,1
2025-11-05,20251105,2025,11,November,Nov,T4,2025-T4,45,2025-S45,3,Wednesday,Wed,5,309,0,0,0,Automne,FY2026,Novembre,1
2025-11-06,20251106,2025,11,November,Nov,T4,2025-T4,45,2025-S45,4,Thursday,Thu,6,310,0,0,0,Automne,FY2026,Novembre,1
2025-11-07,20251107,2025,11,November,Nov,T4,2025-T4,45,2025-S45,5,Friday,Fri,7,311,0,0,0,Automne,FY2026,Novembre,1
2025-11-08,20251108,2025,11,November,Nov,T4,2025-T4,45,2025-S45,6,Saturday,Sat,8,312,1,0,0,Automne,FY2026,Novembre,0
2025-11-09,20251109,2025,11,November,Nov,T4,2025-T4,45,2025-S45,7,Sunday,Sun,9,313,1,0,0,Automne,FY2026,Novembre,0
2025-11-10,20251110,2025,11,November,Nov,T4,2025-T4,46,2025-S46,1,Monday,Mon,10,314,0,0,0,Automne,FY2026,Novembre,1
2025-11-11,20251111,2025,11,November,Nov,T4,2025-T4,46,2025-S46,2,Tuesday,Tue,11,315,0,0,0,Automne,FY2026,Novembre,1
2025-11-12,20251112,2025,11,November,Nov,T4,2025-T4,46,2025-S46,3,Wednesday,Wed,12,316,0,0,0,Automne,FY2026,Novembre,1
2025-11-13,20251113,2025,11,November,Nov,T4,2025-T4,46,2025-S46,4,Thursday,Thu,13,317,0,0,0,Automne,FY2026,Novembre,1
2025-11-14,20251114,2025,11,November,Nov,T4,2025-T4,46,2025-S46,5,Friday,Fri,14,318,0,0,0,Automne,FY2026,Novembre,1
2025-11-15,20251115,2025,11,November,Nov,T4,2025-T4,46,2025-S46,6,Saturday,Sat,15,319,1,0,0,Automne,FY2026,Novembre,0
2025-11-16,20251116,2025,11,November,Nov,T4,2025-T4,46,2025-S46,7,Sunday,Sun,16,320,1,0,0,Automne,FY2026,Novembre,0
2025-11-17,20251117,2025,11,November,Nov,T4,2025-T4,47,2025-S47,1,Monday,Mon,17,321,0,0,0,Automne,FY2026,Novembre,1
2025-11-18,20251118,2025,11,November,Nov,T4,2025-T4,47,2025-S47,2,Tuesday,Tue,18,322,0,0,0,Automne,FY2026,Novembre,1
2025-11-19,20251119,2025,11,November,Nov,T4,2025-T4,47,2025-S47,3,Wednesday,Wed,19,323,0,0,0,Automne,FY2026,Novembre,1
2025-11-20,20251120,2025,11,November,Nov,T4,2025-T4,47,2025-S47,4,Thursday,Thu,20,324,0,0,0,Automne,FY2026,Novembre,1
2025-11-21,20251121,2025,11,November,Nov,T4,2025-T4,47,2025-S47,5,Friday,Fri,21,325,0,0,0,Automne,FY2026,Novembre,1
2025-11-22,20251122,2025,11,November,Nov,T4,2025-T4,47,2025-S47,6,Saturday,Sat,22,326,1,0,0,Automne,FY2026,Novembre,0
2025-11-23,20251123,2025,11,November,Nov,T4,2025-T4,47,2025-S47,7,Sunday,Sun,23,327,1,0,0,Automne,FY2026,Novembre,0
2025-11-24,20251124,2025,11,November,Nov,T4,2025-T4,48,2025-S48,1,Monday,Mon,24,328,0,0,0,Automne,FY2026,Novembre,1
2025-11-25,20251125,2025,11,November,Nov,T4,2025-T4,48,2025-S48,2,Tuesday,Tue,25,329,0,0,0,Automne,FY2026,Novembre,1
2025-11-26,20251126,2025,11,November,Nov,T4,2025-T4,48,2025-S48,3,Wednesday,Wed,26,330,0,0,0,Automne,FY2026,Novembre,1
2025-11-27,20251127,2025,11,November,Nov,T4,2025-T4,48,2025-S48,4,Thursday,Thu,27,331,0,0,0,Automne,FY2026,Novembre,1
2025-11-28,20251128,2025,11,November,Nov,T4,2025-T4,48,2025-S48,5,Friday,Fri,28,332,0,0,0,Automne,FY2026,Novembre,1
2025-11-29,20251129,2025,11,November,Nov,T4,2025-T4,48,2025-S48,6,Saturday,Sat,29,333,1,0,0,Automne,FY2026,Novembre,0
2025-11-30,20251130,2025,11,November,Nov,T4,2025-T4,48,2025-S48,7,Sunday,Sun,30,334,1,0,1,Automne,FY2026,Novembre,0
2025-12-01,20251201,2025,12,December,Dec,T4,2025-T4,49,2025-S49,1,Monday,Mon,1,335,0,1,0,Hiver,FY2026,Décembre,1
2025-12-02,20251202,2025,12,December,Dec,T4,2025-T4,49,2025-S49,2,Tuesday,Tue,2,336,0,0,0,Hiver,FY2026,Décembre,1
2025-12-03,20251203,2025,12,December,Dec,T4,2025-T4,49,2025-S49,3,Wednesday,Wed,3,337,0,0,0,Hiver,FY2026,Décembre,1
2025-12-04,20251204,2025,12,December,Dec,T4,2025-T4,49,2025-S49,4,Thursday,Thu,4,338,0,0,0,Hiver,FY2026,Décembre,1
2025-12-05,20251205,2025,12,December,Dec,T4,2025-T4,49,2025-S49,5,Friday,Fri,5,339,0,0,0,Hiver,FY2026,Décembre,1
2025-12-06,20251206,2025,12,December,Dec,T4,2025-T4,49,2025-S49,6,Saturday,Sat,6,340,1,0,0,Hiver,FY2026,Décembre,0
2025-12-07,20251207,2025,12,December,Dec,T4,2025-T4,49,2025-S49,7,Sunday,Sun,7,341,1,0,0,Hiver,FY2026,Décembre,0
2025-12-08,20251208,2025,12,December,Dec,T4,2025-T4,50,2025-S50,1,Monday,Mon,8,342,0,0,0,Hiver,FY2026,Décembre,1
2025-12-09,20251209,2025,12,December,Dec,T4,2025-T4,50,2025-S50,2,Tuesday,Tue,9,343,0,0,0,Hiver,FY2026,Décembre,1
2025-12-10,20251210,2025,12,December,Dec,T4,2025-T4,50,2025-S50,3,Wednesday,Wed,10,344,0,0,0,Hiver,FY2026,Décembre,1
2025-12-11,20251211,2025,12,December,Dec,T4,2025-T4,50,2025-S50,4,Thursday,Thu,11,345,0,0,0,Hiver,FY2026,Décembre,1
2025-12-12,20251212,2025,12,December,Dec,T4,2025-T4,50,2025-S50,5,Friday,Fri,12,346,0,0,0,Hiver,FY2026,Décembre,1
2025-12-13,20251213,2025,12,December,Dec,T4,2025-T4,50,2025-S50,6,Saturday,Sat,13,347,1,0,0,Hiver,FY2026,Décembre,0
2025-12-14,20251214,2025,12,December,Dec,T4,2025-T4,50,2025-S50,7,Sunday,Sun,14,348,1,0,0,Hiver,FY2026,Décembre,0
2025-12-15,20251215,2025,12,December,Dec,T4,2025-T4,51,2025-S51,1,Monday,Mon,15,349,0,0,0,Hiver,FY2026,Décembre,1
2025-12-16,20251216,2025,12,December,Dec,T4,2025-T4,51,2025-S51,2,Tuesday,Tue,16,350,0,0,0,Hiver,FY2026,Décembre,1
2025-12-17,20251217,2025,12,December,Dec,T4,2025-T4,51,2025-S51,3,Wednesday,Wed,17,351,0,0,0,Hiver,FY2026,Décembre,1
2025-12-18,20251218,2025,12,December,Dec,T4,2025-T4,51,2025-S51,4,Thursday,Thu,18,352,0,0,0,Hiver,FY2026,Décembre,1
2025-12-19,20251219,2025,12,December,Dec,T4,2025-T4,51,2025-S51,5,Friday,Fri,19,353,0,0,0,Hiver,FY2026,Décembre,1
2025-12-20,20251220,2025,12,December,Dec,T4,2025-T4,51,2025-S51,6,Saturday,Sat,20,354,1,0,0,Hiver,FY2026,Décembre,0
2025-12-21,20251221,2025,12,December,Dec,T4,2025-T4,51,2025-S51,7,Sunday,Sun,21,355,1,0,0,Hiver,FY2026,Décembre,0
2025-12-22,20251222,2025,12,December,Dec,T4,2025-T4,52,2025-S52,1,Monday,Mon,22,356,0,0,0,Hiver,FY2026,Décembre,1
2025-12-23,20251223,2025,12,December,Dec,T4,2025-T4,52,2025-S52,2,Tuesday,Tue,23,357,0,0,0,Hiver,FY2026,Décembre,1
2025-12-24,20251224,2025,12,December,Dec,T4,2025-T4,52,2025-S52,3,Wednesday,Wed,24,358,0,0,0,Hiver,FY2026,Décembre,1
2025-12-25,20251225,2025,12,December,Dec,T4,2025-T4,52,2025-S52,4,Thursday,Thu,25,359,0,0,0,Hiver,FY2026,Décembre,1
2025-12-26,20251226,2025,12,December,Dec,T4,2025-T4,52,2025-S52,5,Friday,Fri,26,360,0,0,0,Hiver,FY2026,Décembre,1
2025-12-27,20251227,2025,12,December,Dec,T4,2025-T4,52,2025-S52,6,Saturday,Sat,27,361,1,0,0,Hiver,FY2026,Décembre,0
2025-12-28,20251228,2025,12,December,Dec,T4,2025-T4,52,2025-S52,7,Sunday,Sun,28,362,1,0,0,Hiver,FY2026,Décembre,0
2025-12-29,20251229,2025,12,December,Dec,T4,2025-T4,1,2025-S01,1,Monday,Mon,29,363,0,0,0,Hiver,FY2026,Décembre,1
2025-12-30,20251230,2025,12,December,Dec,T4,2025-T4,1,2025-S01,2,Tuesday,Tue,30,364,0,0,0,Hiver,FY2026,Décembre,1
2025-12-31,20251231,2025,12,December,Dec,T4,2025-T4,1,2025-S01,3,Wednesday,Wed,31,365,0,0,1,Hiver,FY2026,Décembre,1
